Ticker,Exchange,Date,Close,MA20,MA50,RSI14,MACD,MACD_Signal,Volume,Volume_MA20,Above_MA20,MA20_Above_MA50,RSI_50_70,MACD_Bullish,Volume_Above_MA20,Conditions_Met,Technical_Status
VEA,UPCOM,2026-09-24,36.9,36.115,35.232,69.84091205077725,0.475029195976326,0.415281939685768,308700,277750.0,True,True,True,True,True,5,Đạt bộ lọc
PCG,UPCOM,2026-09-18,3.9,2.85,2.566,68.57305917578103,0.220775281959785,0.117291954774684,19500,18450.0,True,True,True,True,True,5,Đạt bộ lọc
DHC,HOSE,2026-09-24,38.8,36.5425,34.52,68.06697010894956,0.798262442618558,0.6541706302024317,690700,433760.0,True,True,True,True,True,5,Đạt bộ lọc
APH,HOSE,2026-09-24,7.11,6.5265,6.025399999999999,68.04695040949653,0.3419463971337952,0.2882832556038136,755100,517140.0,True,True,True,True,True,5,Đạt bộ lọc
DCL,HOSE,2026-09-24,45.0,40.197500000000005,39.345,67.94149645831489,1.5317038522930986,0.8148618103678275,2045700,1514675.0,True,True,True,True,True,5,Đạt bộ lọc
UDJ,UPCOM,2026-09-24,6.9,6.67,6.382000000000001,67.830255959561,0.1397533275777283,0.1166626723638473,24000,12295.0,True,True,True,True,True,5,Đạt bộ lọc
HDA,HNX,2026-09-24,7.3,6.74,6.593999999999999,67.22136271387438,0.1287655247667967,0.0728206382609492,261500,249220.0,True,True,True,True,True,5,Đạt bộ lọc
NVB,HNX,2026-09-24,13.6,12.315,11.896,66.770628943163,0.4303373091872053,0.1888762907846856,1372400,739000.0,True,True,True,True,True,5,Đạt bộ lọc
TTL,HNX,2026-09-24,10.2,7.919999999999999,7.882000000000001,66.32218952081715,0.506857331086005,0.2141151414762608,7200,2345.0,True,True,True,True,True,5,Đạt bộ lọc
VCR,UPCOM,2026-09-24,55.0,46.64,43.082,66.04307178583744,2.67643733777183,1.942272380337533,6300,4280.0,True,True,True,True,True,5,Đạt bộ lọc
PVP,HOSE,2026-09-24,19.2,18.0619,17.127382,65.35053739897742,0.5674657497608528,0.4581087709330139,1876100,1069460.0,True,True,True,True,True,5,Đạt bộ lọc
ADP,HOSE,2026-09-24,24.3,23.785,23.29,64.60227899337133,0.2604540472714021,0.2307821126495449,6300,3215.0,True,True,True,True,True,5,Đạt bộ lọc
TRC,HOSE,2026-09-24,22.6,21.58375,20.134382,63.51199713787102,0.47651519837666,0.4610470348503914,185600,169885.0,True,True,True,True,True,5,Đạt bộ lọc
HID,HOSE,2026-09-24,4.96,4.35,3.8228,62.7330407626662,0.4701765692214064,0.3969127827765188,1017800,1000965.0,True,True,True,True,True,5,Đạt bộ lọc
VGC,HOSE,2026-09-24,42.4,40.4425,39.379922,62.14965889279741,0.411250425061759,0.2368384983712566,633900,356990.0,True,True,True,True,True,5,Đạt bộ lọc
MSN,HOSE,2026-09-24,70.8,68.73499999999999,67.602,62.09864443517907,0.3581874456463652,0.1005846137302023,9374300,4332985.0,True,True,True,True,True,5,Đạt bộ lọc
DPR,HOSE,2026-09-24,38.7,37.6575,36.872,61.97724212438437,0.3402403688102211,0.2650597694600312,386200,238320.0,True,True,True,True,True,5,Đạt bộ lọc
HAH,HOSE,2026-09-24,49.35,47.3475,46.568000000000005,61.68892973920246,0.4039303473291014,0.1392876972330922,1343100,725385.0,True,True,True,True,True,5,Đạt bộ lọc
D11,HNX,2026-09-24,11.8,11.102465,10.91423,61.50332490281487,0.2293202963652501,0.1774486704856349,16000,4620.0,True,True,True,True,True,5,Đạt bộ lọc
BSR,HOSE,2026-09-24,30.0,28.5125,26.604988,60.20211567607052,1.293261204852108,1.0948184442546909,15219500,12490480.0,True,True,True,True,True,5,Đạt bộ lọc
TGP,UPCOM,2026-09-22,7.6,6.69,6.294,60.16460769521628,0.3772320982736499,0.2637891788114258,6600,4960.0,True,True,True,True,True,5,Đạt bộ lọc
GVR,HOSE,2026-09-24,32.8,31.895,30.417,59.95587725526685,0.3346571244898122,0.2741267842446962,5429700,2347570.0,True,True,True,True,True,5,Đạt bộ lọc
MCP,HOSE,2026-09-24,28.15,28.002500000000005,27.719,59.27856555942989,0.0750365861423532,0.0714592052318067,45800,32165.0,True,True,True,True,True,5,Đạt bộ lọc
AAA,HOSE,2026-09-24,7.53,7.279999999999999,7.121537999999999,59.265850332433736,0.1226862439181628,0.0929987156657153,2345000,2053520.0,True,True,True,True,True,5,Đạt bộ lọc
TVS,HOSE,2026-09-24,14.9,14.4175,13.718992,58.98305081541237,0.3921756553638698,0.3250319918503148,552600,205665.0,True,True,True,True,True,5,Đạt bộ lọc
BVH,HOSE,2026-09-24,69.2,66.365,63.978,58.711350978684216,1.5410278233952257,1.2646969505959509,793000,666760.0,True,True,True,True,True,5,Đạt bộ lọc
VOS,HOSE,2026-09-24,12.0,11.5575,11.206,58.02619448283573,0.282450532369257,0.203293481544664,937400,710425.0,True,True,True,True,True,5,Đạt bộ lọc
NTC,HOSE,2026-09-24,129.8,128.87,128.654,58.02153835326135,0.2154474868447096,0.0399094950462301,17000,8585.0,True,True,True,True,True,5,Đạt bộ lọc
HDP,UPCOM,2026-09-24,27.0,26.285,25.889669999999995,57.35784403719084,0.2336493145441096,0.2217671270271927,8000,1320.0,True,True,True,True,True,5,Đạt bộ lọc
DGT,UPCOM,2026-09-24,4.0,3.855,3.68,56.777605653256025,0.0972225498989463,0.0694393819928843,111600,100980.0,True,True,True,True,True,5,Đạt bộ lọc
TLG,HOSE,2026-09-24,53.3,52.3125,50.341,56.308297395816574,0.9176800109031832,0.7912841395401843,331000,218090.0,True,True,True,True,True,5,Đạt bộ lọc
VTO,HOSE,2026-09-24,10.75,10.555,10.447,56.251484091647896,0.065433740697383,0.0402622114572956,283700,152515.0,True,True,True,True,True,5,Đạt bộ lọc
PVT,HOSE,2026-09-24,22.3,21.7125,19.852,56.23293584070744,0.9089252577466276,0.8768133426357327,8086600,6425165.0,True,True,True,True,True,5,Đạt bộ lọc
CHP,HOSE,2026-09-24,26.25,26.03,25.839952000000004,56.23119793282701,0.0659239273429683,0.0478970286021188,7900,5780.0,True,True,True,True,True,5,Đạt bộ lọc
POT,HNX,2026-09-23,21.5,20.5068,20.28416,56.04760068680486,0.0125375740841242,-0.0475139827048061,3100,1630.0,True,True,True,True,True,5,Đạt bộ lọc
PGV,HOSE,2026-09-24,21.85,21.5025,21.381104,55.6756386765104,0.0330757661968164,0.0122546370742513,4700,3630.0,True,True,True,True,True,5,Đạt bộ lọc
LMC,UPCOM,2026-09-24,7.0,6.07,5.806,55.52874164415668,0.2675641996429858,0.2042515698479948,2100,855.0,True,True,True,True,True,5,Đạt bộ lọc
HTT,UPCOM,2026-09-18,1.7,1.555,1.5419999999999998,55.22981176299863,0.0203454779468865,0.0120751708491186,11300,4650.0,True,True,True,True,True,5,Đạt bộ lọc
KLB,HOSE,2026-09-24,12.55,12.2625,12.181,55.01329921035251,0.0964059735289275,0.0412326854158291,367000,343630.0,True,True,True,True,True,5,Đạt bộ lọc
SVN,HNX,2026-09-24,3.8,3.605,3.2059999999999995,54.89465407552052,0.2364792586044779,0.2093473471030938,417600,406335.0,True,True,True,True,True,5,Đạt bộ lọc
AMC,HNX,2026-09-18,12.6,12.393285,11.953296,53.92412192144161,0.2604569158640437,0.1858368767674093,2800,780.0,True,True,True,True,True,5,Đạt bộ lọc
BBH,UPCOM,2026-09-23,9.6,9.18,8.873185999999999,52.66360455523922,0.2204161539655871,0.1577811573462872,1900,1620.0,True,True,True,True,True,5,Đạt bộ lọc
TJC,HNX,2026-09-24,9.1,8.91,8.862,52.08153659901775,-0.0261178379960096,-0.0347996541254476,5200,3120.0,True,True,True,True,True,5,Đạt bộ lọc
PIV,UPCOM,2026-09-24,6.6,6.515000000000001,6.382000000000001,51.77209563955724,0.0999878776601823,0.0525854483877835,102200,67655.0,True,True,True,True,True,5,Đạt bộ lọc
DNT,UPCOM,2026-09-07,36.6,33.49633,33.131378,51.36111312695284,2.4292534978799623,0.7364444177317102,9200,915.0,True,True,True,True,True,5,Đạt bộ lọc
KSV,HNX,2026-09-24,110.1,109.67,109.48,50.85264580021743,-1.002952572243558,-1.3178116888101865,91800,45465.0,True,True,True,True,True,5,Đạt bộ lọc
NUE,UPCOM,2026-09-14,10.0,9.99652,9.78933,50.72233888338695,0.1103822850810658,0.0936823962518559,1900,700.0,True,True,True,True,True,5,Đạt bộ lọc
PMT,UPCOM,2026-09-21,8.5,6.52487,6.508213999999999,87.45366743495636,0.2367101309985981,0.0107889909457166,5600,2730.0,True,True,False,True,True,4,Đạt bộ lọc
PPE,HNX,2026-09-22,20.7,14.929999999999998,13.08,82.70705538311861,1.9957549088886088,1.286071772918246,2100,305.0,True,True,False,True,True,4,Đạt bộ lọc
MSR,UPCOM,2026-09-24,55.3,48.465,42.19,80.9371774095217,2.9398027910312976,2.465517962517626,5138500,1935535.0,True,True,False,True,True,4,Đạt bộ lọc
ASP,HOSE,2026-09-24,16.35,14.61,12.4888,80.1929998162295,1.0974423180164692,1.0173675406749003,275100,218195.0,True,True,False,True,True,4,Đạt bộ lọc
PET,HOSE,2026-09-24,45.0,39.11749999999999,38.426,77.1326817325712,1.088425585118962,0.3825241212745223,1928000,556985.0,True,True,False,True,True,4,Đạt bộ lọc
BBT,UPCOM,2026-09-24,16.0,13.135,12.56952,76.34019562366623,0.5856647391445868,0.2789858802517074,27500,11335.0,True,True,False,True,True,4,Đạt bộ lọc
VGR,UPCOM,2026-09-24,131.5,114.86,101.044898,76.028082495294,8.747392296210933,7.780153813104416,46900,11205.0,True,True,False,True,True,4,Đạt bộ lọc
DRI,UPCOM,2026-09-24,14.8,13.593775,12.80375,74.49379805735745,0.4183038703044239,0.3278840396090514,1513200,840825.0,True,True,False,True,True,4,Đạt bộ lọc
MLC,UPCOM,2026-09-03,26.6,17.291719999999998,12.095434,74.1599775984597,3.103366143986936,2.6512161394977007,300,135.0,True,True,False,True,True,4,Đạt bộ lọc
UNI,HNX,2026-09-23,8.5,6.915000000000001,6.877999999999999,71.58645415332006,0.245006308529625,0.063362826938658,2800,2155.0,True,True,False,True,True,4,Đạt bộ lọc
CDC,HOSE,2026-09-24,21.2,19.8575,19.281,70.73192082645434,0.3843222567337712,0.2244197795824204,231500,177630.0,True,True,False,True,True,4,Đạt bộ lọc
VNI,UPCOM,2026-09-24,7.5,5.465,6.061999999999999,69.93642680636263,0.3030912460480266,-0.0298624641193729,7300,1475.0,True,False,True,True,True,4,Đạt bộ lọc
MDF,UPCOM,2026-09-24,6.2,5.375,5.054,69.52624108962556,0.2153976908555517,0.1741332303416773,300,3240.0,True,True,True,True,False,4,Đạt bộ lọc
SZB,HNX,2026-09-24,41.6,40.495,39.64954,68.88159830282781,0.507849831158957,0.3807751606415032,2500,3520.0,True,True,True,True,False,4,Đạt bộ lọc
DTL,HOSE,2026-09-21,10.75,10.4225,10.1168,68.69119461286644,0.1847179421124707,0.1489514748281804,500,595.0,True,True,True,True,False,4,Đạt bộ lọc
TAB,UPCOM,2026-09-24,32.0,29.184999999999995,22.664,68.6846370474411,3.157953354776904,3.1158672376738368,200,34075.0,True,True,True,True,False,4,Đạt bộ lọc
CTW,UPCOM,2026-09-24,27.0,25.2602,24.620176,67.97362214531813,0.8549864438856183,0.6027300620994145,100,260.0,True,True,True,True,False,4,Đạt bộ lọc
HLB,UPCOM,2026-09-24,668.0,478.6986099999999,399.7392320000001,67.7708185253855,68.90438645505441,48.902856595223845,100,1015.0,True,True,True,True,False,4,Đạt bộ lọc
VNB,UPCOM,2026-09-24,17.8,15.38,14.042,67.74332734690364,1.1669710903739077,0.913496212147821,104400,128910.0,True,True,True,True,False,4,Đạt bộ lọc
LHG,HOSE,2026-09-24,27.2,26.53,26.18693,66.8989956981072,0.2357639573506418,0.1823395042246694,60600,67430.0,True,True,True,True,False,4,Đạt bộ lọc
VTH,HNX,2026-09-22,11.2,9.33,8.976,66.78960245109312,0.4605668796739124,0.2303645121868593,100,675.0,True,True,True,True,False,4,Đạt bộ lọc
SMB,HOSE,2026-09-23,40.9,40.365,39.495,66.74801681951922,0.3070986440333101,0.3153635766737285,19500,9095.0,True,True,True,False,True,4,Đạt bộ lọc
LBM,HOSE,2026-09-24,28.9,28.059999999999995,27.886,65.52326517153712,0.2021832349369567,0.0904726810865737,3000,14695.0,True,True,True,True,False,4,Đạt bộ lọc
PGS,HNX,2026-09-24,82.0,70.67,61.44,65.30463321934286,5.467561989704819,4.72177396117124,100,1040.0,True,True,True,True,False,4,Đạt bộ lọc
CMI,UPCOM,2026-09-18,1.3,0.91,0.7759999999999999,65.30260388670371,0.1534074784354933,0.1103278858689263,300,11085.0,True,True,True,True,False,4,Đạt bộ lọc
AAS,UPCOM,2026-09-24,9.1,8.575,7.879999999999999,65.1207835911178,0.4128396607284301,0.3709758472551327,556000,1700700.0,True,True,True,True,False,4,Đạt bộ lọc
BTV,UPCOM,2026-09-16,20.0,17.186435,14.95855,65.10584097635669,1.768813434092927,1.5030403643839845,100,1330.0,True,True,True,True,False,4,Đạt bộ lọc
PTD,HNX,2026-09-24,7.9,6.08,6.843999999999999,64.66764948673614,0.3758089776157138,0.102815603693814,66700,37150.0,True,False,True,True,True,4,Đạt bộ lọc
THM,UPCOM,2026-09-15,9.5,8.98,8.526,64.29359388104496,0.1939847126212797,0.1737896870719445,1100,20190.0,True,True,True,True,False,4,Đạt bộ lọc
SGR,HOSE,2026-09-24,10.5,10.111999999999998,10.133612,64.0994882757742,0.0450324598129991,-0.0201022540840244,63100,44970.0,True,False,True,True,True,4,Đạt bộ lọc
SLS,HNX,2026-09-24,149.1,146.245,139.268,63.29127908380492,1.937618102516808,2.0703718153181248,4000,2510.0,True,True,True,False,True,4,Đạt bộ lọc
PNG,UPCOM,2026-09-16,40.8,31.03512,22.660404,62.700031143993634,4.942216901506342,4.0890763377765404,100,435.0,True,True,True,True,False,4,Đạt bộ lọc
SVD,HOSE,2026-09-24,5.19,4.6775,4.4136,62.4726936702481,0.1725602945294815,0.1292535140647977,10700,17265.0,True,True,True,True,False,4,Đạt bộ lọc
PPT,HNX,2026-09-24,15.4,15.16,15.206,62.15172372664783,0.023471448682347,-0.0116673624849194,230800,224160.0,True,False,True,True,True,4,Đạt bộ lọc
CAG,HNX,2026-09-24,6.2,5.915,5.884,62.09597299843432,0.0820566552494321,0.0407110015607786,200,4550.0,True,True,True,True,False,4,Đạt bộ lọc
SBG,HOSE,2026-09-24,14.15,13.95,12.979,62.07466983707881,0.287272805212698,0.3318179712132271,335900,305525.0,True,True,True,False,True,4,Đạt bộ lọc
BVN,UPCOM,2026-09-23,25.0,20.84,17.932000000000002,62.05671709826243,0.3097446253545932,0.4082471665427243,46100,3315.0,True,True,True,False,True,4,Đạt bộ lọc
IDC,HNX,2026-09-24,33.6,31.98,32.57809,61.89002596976225,0.0902730443863646,-0.276040531142764,1491000,1286270.0,True,False,True,True,True,4,Đạt bộ lọc
YEG,HOSE,2026-09-24,7.74,7.280000000000001,7.52,61.55035213077616,-0.0944923950058083,-0.1666515784227416,2830700,594790.0,True,False,True,True,True,4,Đạt bộ lọc
HII,HOSE,2026-09-24,10.65,10.03,8.4848,61.32767323161946,0.719024656320272,0.7286083772242822,933000,780935.0,True,True,True,False,True,4,Đạt bộ lọc
DCM,HOSE,2026-09-24,34.0,32.6475,31.629,61.25570264413933,0.656080862802007,0.4875166067225555,3446700,3460370.0,True,True,True,True,False,4,Đạt bộ lọc
DGW,HOSE,2026-09-24,45.8,43.795,40.668,61.24530535440634,1.3840666780797477,1.3159719583780047,1275200,2055950.0,True,True,True,True,False,4,Đạt bộ lọc
CTT,HNX,2026-09-14,18.9,16.039179999999998,15.541488,61.2053149947343,0.1160964432711644,-0.1808238495218591,100,650.0,True,True,True,True,False,4,Đạt bộ lọc
TD6,HNX,2026-09-24,6.5,6.154999999999999,6.104,61.07427121506117,0.0869696398001185,0.0373601489528487,24000,34210.0,True,True,True,True,False,4,Đạt bộ lọc
HEV,HNX,2026-09-22,8.5,6.995,7.441999999999999,60.93247393362488,0.2580296312926649,-0.0406870979911649,2000,1125.0,True,False,True,True,True,4,Đạt bộ lọc
DRL,HOSE,2026-09-24,42.9,42.0475,41.83319,60.80632863256902,0.2262462799660767,0.155069355324022,800,7485.0,True,True,True,True,False,4,Đạt bộ lọc
TYA,HOSE,2026-09-24,17.1,16.8675,16.822,60.44828309804435,0.0159018473034109,0.0085043719874685,2700,5820.0,True,True,True,True,False,4,Đạt bộ lọc
SCD,UPCOM,2026-09-11,17.5,13.68,13.61,60.40934087797695,0.4359027730124563,-0.0716679369907056,100,4395.0,True,True,True,True,False,4,Đạt bộ lọc
PV2,HNX,2026-09-24,1.9,1.7799999999999998,1.816,60.244041576211664,-0.0112525614748006,-0.0238086396859704,103800,62745.0,True,False,True,True,True,4,Đạt bộ lọc
ABB,UPCOM,2026-09-24,17.6,17.369999999999997,17.184,60.14015016925925,0.1994525557095094,0.1735415398515966,511200,773290.0,True,True,True,True,False,4,Đạt bộ lọc
GEE,HOSE,2026-09-24,70.9,63.548005,67.164788,60.00069168667833,-0.1241056854011617,-1.555566409100037,2096400,1579830.0,True,False,True,True,True,4,Đạt bộ lọc
TPS,UPCOM,2026-09-17,57.0,52.827195,45.399028,59.811312170913794,3.759152392363141,3.374497406906206,300,350.0,True,True,True,True,False,4,Đạt bộ lọc
MGC,UPCOM,2026-09-24,11.2,10.27,10.392,59.80608866833858,0.1546842381830711,0.0018136150937333,3500,1445.0,True,False,True,True,True,4,Đạt bộ lọc
PRE,HNX,2026-09-24,30.2,29.865,28.948498,59.15779564849642,0.3140287504842689,0.297942644540322,1000,1985.0,True,True,True,True,False,4,Đạt bộ lọc
FRT,HOSE,2026-09-24,142.0,137.64,131.356,59.1577115659153,-0.114512622855301,0.0624943434737194,837500,424080.0,True,True,True,False,True,4,Đạt bộ lọc
BTB,UPCOM,2026-09-18,5.4,4.58,4.538,59.094631506428,0.068473237871518,0.0083379879524217,100,590.0,True,True,True,True,False,4,Đạt bộ lọc
VDL,HNX,2026-09-17,12.0,10.335,11.076,59.017833519841005,0.2812720375232658,-0.0266207464533251,20000,11240.0,True,False,True,True,True,4,Đạt bộ lọc
HLO,UPCOM,2026-09-24,16.0,14.776945,,59.01782625965219,0.404335797580476,0.2343507003167483,1300,1045.0,True,False,True,True,True,4,Đạt bộ lọc
CT3,UPCOM,2026-09-18,8.1,7.25,6.19,58.88385545786837,0.3068127547353221,0.2989070370440786,100,7800.0,True,True,True,True,False,4,Đạt bộ lọc
KCB,UPCOM,2026-09-24,10.3,9.785,9.824000000000002,58.80469191151936,0.082715197233826,-0.0010183982898513,125900,31760.0,True,False,True,True,True,4,Đạt bộ lọc
BKC,HNX,2026-09-24,14.0,12.885,13.382740000000002,58.76120872055471,0.0384138904987896,-0.2113023444057787,46400,29245.0,True,False,True,True,True,4,Đạt bộ lọc
HTM,UPCOM,2026-09-24,11.5,10.65,9.824000000000002,58.67659838890828,0.3783711616742238,0.3262819696097522,1000,4485.0,True,True,True,True,False,4,Đạt bộ lọc
DPC,UPCOM,2026-09-23,8.9,7.365,7.324,58.63529818639278,0.1438267384479123,-0.0039198636620808,200,650.0,True,True,True,True,False,4,Đạt bộ lọc
DSN,HOSE,2026-09-24,37.4,36.9725,36.863,58.56608839189512,0.0931705251720487,0.0434644914240136,1500,2785.0,True,True,True,True,False,4,Đạt bộ lọc
TTG,UPCOM,2026-09-24,23.6,22.32,17.638,58.45850613530939,1.6257553793632802,1.629988400648331,39400,18225.0,True,True,True,False,True,4,Đạt bộ lọc
BEL,UPCOM,2026-09-15,23.0,19.06962,18.424824,58.37308256456475,1.1688908122299535,0.6702940342538553,100,845.0,True,True,True,True,False,4,Đạt bộ lọc
VJC,HOSE,2026-09-24,132.0,127.38,126.88,58.31356016181806,1.852511636164252,0.636818224893843,939000,1204235.0,True,True,True,True,False,4,Đạt bộ lọc
VGI,UPCOM,2026-09-24,83.7,82.01885999999999,80.341632,58.29670380044492,-0.1652900880889518,-0.1206567119145873,822100,250775.0,True,True,True,False,True,4,Đạt bộ lọc
VSH,HOSE,2026-09-24,41.65,41.37,41.32418,58.2768130441008,0.0022677800266635,-0.0163453015888185,2700,5475.0,True,True,True,True,False,4,Đạt bộ lọc
AMS,UPCOM,2026-09-24,7.2,7.0547900000000014,6.761072,58.26091646595328,0.1260069411735642,0.1035326646100159,20900,29665.0,True,True,True,True,False,4,Đạt bộ lọc
NBC,HNX,2026-09-24,7.9,7.640000000000001,7.536949999999999,58.23303711432106,0.1056021741968749,0.0659569226499896,12600,40405.0,True,True,True,True,False,4,Đạt bộ lọc
SAM,HOSE,2026-09-24,6.15,6.1235,5.949200000000001,57.93989562592034,0.0496076747242595,0.0575033560637408,137600,97215.0,True,True,True,False,True,4,Đạt bộ lọc
HNB,UPCOM,2026-09-22,14.0,12.789445,12.663952,57.85434221936278,0.0721707460986635,0.0332172763240464,1000,1160.0,True,True,True,True,False,4,Đạt bộ lọc
LBE,HNX,2026-09-24,15.2,14.919999999999998,14.743999999999998,57.82618001346197,0.1057652274125704,0.0655678075652459,2100,7500.0,True,True,True,True,False,4,Đạt bộ lọc
SIP,HOSE,2026-09-24,50.0,49.15,49.08299999999999,57.70548124318965,0.0764520115165154,-0.1088595902543835,70900,72415.0,True,True,True,True,False,4,Đạt bộ lọc
DHA,HOSE,2026-09-24,53.5,52.15,50.088,57.5971590833704,0.9549160759702175,0.918881849744667,25100,27450.0,True,True,True,True,False,4,Đạt bộ lọc
IDV,HNX,2026-09-24,21.3,21.11,21.008,57.462623011539804,0.0917549420788752,0.0603140474782687,2100,12235.0,True,True,True,True,False,4,Đạt bộ lọc
VTP,HOSE,2026-09-24,52.6,50.8975,50.975,57.18882001692302,-0.6864226927721262,-0.7296194143043272,2588800,532255.0,True,False,True,True,True,4,Đạt bộ lọc
PWS,UPCOM,2026-09-24,14.5,13.245845,12.31881,57.15144833762416,0.6402847757548766,0.5634161939593803,200,1380.0,True,True,True,True,False,4,Đạt bộ lọc
TCB,HOSE,2026-09-24,32.95,32.43,31.182,56.854055168468896,0.3202591324274237,0.2972947817342386,16336800,17103070.0,True,True,True,True,False,4,Đạt bộ lọc
TPB,HOSE,2026-09-24,14.7,14.38,14.479,56.79153447730044,-0.0637802868058248,-0.1233104801994984,13346400,8011695.0,True,False,True,True,True,4,Đạt bộ lọc
CLM,HNX,2026-09-22,56.8,55.95599000000001,54.61624,56.77664974425048,0.5599883048723839,0.5918640332745942,1000,720.0,True,True,True,False,True,4,Đạt bộ lọc
UCT,UPCOM,2026-09-24,9.7,8.535,7.572,56.73405582603969,0.1004549847319395,0.0155572664702467,200,2185.0,True,True,True,True,False,4,Đạt bộ lọc
XHC,UPCOM,2026-09-21,15.9,14.86091,14.165120000000002,56.590018784304704,0.5845446624585122,0.4020163797607303,200,550.0,True,True,True,True,False,4,Đạt bộ lọc
NTP,HNX,2026-09-24,52.9,51.955,50.312,56.56456471938974,0.7792973840665738,0.7527182112790004,68600,207385.0,True,True,True,True,False,4,Đạt bộ lọc
ALC,UPCOM,2026-09-24,21.2,20.655,20.686,56.416351545875656,0.1942413263220466,0.0600348643203316,18000,17010.0,True,False,True,True,True,4,Đạt bộ lọc
SNC,UPCOM,2026-09-09,21.8,20.48976,19.29257,56.36477437895405,-0.0215914972480355,-0.0870079268751764,100,420.0,True,True,True,True,False,4,Đạt bộ lọc
HDB,HOSE,2026-09-24,27.65,27.405,26.849,56.29210368206023,0.2144556794697152,0.1898691712313082,9212400,11248905.0,True,True,True,True,False,4,Đạt bộ lọc
PGD,HOSE,2026-09-24,21.8,21.41004,21.355866,56.23591238203058,0.0389788921232607,-0.0319049694734098,900,5155.0,True,True,True,True,False,4,Đạt bộ lọc
VRG,UPCOM,2026-09-24,13.8,13.27,13.328,56.21164242479148,-0.013458288393469,-0.0952676993511178,6900,1820.0,True,False,True,True,True,4,Đạt bộ lọc
NTH,HNX,2026-09-24,52.7,52.075,52.387938000000005,56.18191705814469,-0.1090869826952882,-0.2664454595563352,1400,670.0,True,False,True,True,True,4,Đạt bộ lọc
PTS,HNX,2026-09-24,9.8,9.74,9.24,56.14201312672167,0.1136552776007473,0.1577752553448106,2500,1960.0,True,True,True,False,True,4,Đạt bộ lọc
PCT,HNX,2026-09-22,10.5,10.21,10.268,56.04518616977151,-0.0136678125340097,-0.0243021397743159,3000,2155.0,True,False,True,True,True,4,Đạt bộ lọc
TVA,UPCOM,2026-09-04,13.0,12.61037,12.071792,56.02910444516671,0.1961812080361724,0.1940964075641933,200,470.3,True,True,True,True,False,4,Đạt bộ lọc
SSB,HOSE,2026-09-24,20.0,19.235000000000003,16.964,55.90428152182468,1.4504594716959218,1.4223266675927306,2677200,3733345.0,True,True,True,True,False,4,Đạt bộ lọc
VCX,UPCOM,2026-08-26,12.0,10.56,10.914,55.90310891222517,0.3608575369480213,0.1531114170583608,39700,4965.0,True,False,True,True,True,4,Đạt bộ lọc
SHC,UPCOM,2026-09-23,11.6,10.95921,10.374282,55.57909461044658,0.1702280622782996,0.126565760059205,100,1455.0,True,True,True,True,False,4,Đạt bộ lọc
BBS,HNX,2026-09-24,12.5,11.873265,11.204680000000002,55.498807662210126,0.2272462203743135,0.1820290083575664,100,1190.0,True,True,True,True,False,4,Đạt bộ lọc
ABW,UPCOM,2026-09-24,14.3,14.2,14.082,55.31167292814167,0.0733864371649701,0.0652571416638793,100500,129035.0,True,True,True,True,False,4,Đạt bộ lọc
VDP,HOSE,2026-09-24,31.55,27.7425,34.112938,55.28616529120026,-1.325990811110458,-2.3919277001378134,6500,5300.0,True,False,True,True,True,4,Đạt bộ lọc
TNS,UPCOM,2026-09-18,3.7,3.495,3.484,55.257685250324414,-0.0033490201770298,-0.0079475110457469,200,12050.0,True,True,True,True,False,4,Đạt bộ lọc
VCC,HNX,2026-09-24,10.0,9.65,9.64,55.175826934375856,0.086283570413741,0.0374378902219761,1700,9530.0,True,True,True,True,False,4,Đạt bộ lọc
UPC,UPCOM,2026-09-09,33.0,29.395,26.469520000000003,55.15429148357213,1.2797351950476887,0.8905465656579464,100,635.0,True,True,True,True,False,4,Đạt bộ lọc
L12,UPCOM,2026-09-24,5.0,4.904999999999999,4.712000000000001,55.06909925096554,0.0930352507121057,0.0898591112410248,1100,1970.0,True,True,True,True,False,4,Đạt bộ lọc
BMI,HOSE,2026-09-24,13.8,13.671245,13.236746,54.88388807041056,0.1766420043758074,0.166129029262928,41000,77400.0,True,True,True,True,False,4,Đạt bộ lọc
ST8,HOSE,2026-09-24,2.17,2.0455,2.3168,54.83426188583605,-0.0726864783341731,-0.1052015915785118,367800,74940.0,True,False,True,True,True,4,Đạt bộ lọc
TVG,UPCOM,2026-09-18,11.7,8.96121,8.385932,54.74646530427722,1.5073828799750952,0.8259033627806798,300,335.0,True,True,True,True,False,4,Đạt bộ lọc
TA9,HNX,2026-09-24,10.6,10.47,10.296,54.59197205659874,0.1497681702900095,0.1361704875825883,4000,7965.0,True,True,True,True,False,4,Đạt bộ lọc
TED,UPCOM,2026-09-17,66.8,64.19,63.271178,54.579761267547184,0.9263909267090183,0.4202281738706933,100,515.0,True,True,True,True,False,4,Đạt bộ lọc
SHN,HNX,2026-09-24,7.4,6.765000000000001,7.634000000000001,54.460018076912974,-0.0382185541997692,-0.1300318277651154,217100,117405.0,True,False,True,True,True,4,Đạt bộ lọc
VPX,HOSE,2026-09-24,25.2,24.715,25.279,54.39704319344151,-0.2464384174230964,-0.391966528590998,1288300,867725.0,True,False,True,True,True,4,Đạt bộ lọc
CAT,UPCOM,2026-09-24,14.0,13.845,13.942,54.34057576447314,-0.0380844275286449,-0.0648263149716333,43500,23790.0,True,False,True,True,True,4,Đạt bộ lọc
SGB,UPCOM,2026-09-24,13.1,12.885,12.61,54.27682850550544,0.1607420803726817,0.1574649616362138,9300,16465.0,True,True,True,True,False,4,Đạt bộ lọc
HAT,HNX,2026-09-24,30.0,29.366065,28.452222000000003,54.11749589103695,0.3703611482608835,0.285584044128315,300,1425.0,True,True,True,True,False,4,Đạt bộ lọc
TCI,HOSE,2026-09-24,9.9,9.643,9.7972,54.007766060337104,-0.000998903289588,-0.053232038140629,140900,58865.0,True,False,True,True,True,4,Đạt bộ lọc
BMP,HOSE,2026-09-24,146.0,143.44,146.832,53.86706520331997,-0.3288395148917971,-0.8693381837993539,98100,73230.0,True,False,True,True,True,4,Đạt bộ lọc
GEL,HOSE,2026-09-24,29.05,28.3025,27.912000000000003,53.810776685915016,0.0368368372617062,-0.1166730880129415,1333300,1795175.0,True,True,True,True,False,4,Đạt bộ lọc
VIN,UPCOM,2026-09-23,16.0,15.102215,15.093966,53.74705132079906,0.3132801058128223,0.1612074553443402,100,215.0,True,True,True,True,False,4,Đạt bộ lọc
GIL,HOSE,2026-09-24,8.16,7.886,7.7648,53.60754727362041,0.0227696612547667,-0.0552453744502906,122000,173165.0,True,True,True,True,False,4,Đạt bộ lọc
BLI,UPCOM,2026-09-23,8.2,8.084999999999999,8.064,53.6024993332928,0.0163138220086001,0.0061356051907739,9100,11915.0,True,True,True,True,False,4,Đạt bộ lọc
HU6,UPCOM,2026-09-23,4.3,4.1,3.9979999999999993,53.54603411424255,0.0643571741181183,0.0298451840177169,100,950.0,True,True,True,True,False,4,Đạt bộ lọc
VTE,UPCOM,2026-09-24,7.4,7.022785000000001,6.891255999999999,53.349043375885735,0.0513691037086392,0.0903537472603193,3000,1775.0,True,True,True,False,True,4,Đạt bộ lọc
DS3,HNX,2026-09-23,4.8,4.64,4.612,53.277561610066186,-0.0005165476993926,-0.0114651885262057,100,1830.0,True,True,True,True,False,4,Đạt bộ lọc
THP,UPCOM,2026-09-24,9.2,8.92,9.004000000000001,53.2463250648209,0.0748108047480062,-0.0076048511071597,5000,2135.0,True,False,True,True,True,4,Đạt bộ lọc
NAP,HNX,2026-09-24,11.2,10.865,10.491552,53.24018537835526,0.0492049640390828,0.0662988901338569,37900,3285.0,True,True,True,False,True,4,Đạt bộ lọc
HJS,HNX,2026-09-23,27.8,26.77,27.634,53.13443901916482,-0.2627708347755479,-0.4309706160056785,2100,805.0,True,False,True,True,True,4,Đạt bộ lọc
KDM,HNX,2026-09-24,21.7,21.165,21.002,53.091943050686766,0.338784046216535,0.2712143290948856,1600,10705.0,True,True,True,True,False,4,Đạt bộ lọc
PGN,HNX,2026-09-23,6.1,5.96,5.692,53.040432757502,0.0500085328110202,0.043158431380344,2800,7930.0,True,True,True,True,False,4,Đạt bộ lọc
QTC,HNX,2026-09-17,31.5,31.228185000000003,29.598352,53.02289560715673,0.6967902099447336,0.8310699997382527,11700,7845.0,True,True,True,False,True,4,Đạt bộ lọc
NBE,UPCOM,2026-09-23,8.5,8.49,8.452,53.02062371220811,0.0131899859282764,0.0069201064286403,200,1020.0,True,True,True,True,False,4,Đạt bộ lọc
D2D,HOSE,2026-09-24,29.5,29.3775,28.318,52.8630674144072,0.4876991467840312,0.497335141241347,115700,72985.0,True,True,True,False,True,4,Đạt bộ lọc
NNT,UPCOM,2026-09-24,60.0,59.625,58.21459,52.805449548018906,0.7170293289574659,0.656368560937797,200,370.0,True,True,True,True,False,4,Đạt bộ lọc
VNF,HNX,2026-09-24,13.1,13.05,12.993999999999998,52.65133705509076,0.0048698241528697,-0.0041218498719868,300,4365.0,True,True,True,True,False,4,Đạt bộ lọc
BGW,UPCOM,2026-09-16,16.1,15.64068,15.7378,52.505964120684254,0.096383922246531,0.0565589813620869,5000,4250.0,True,False,True,True,True,4,Đạt bộ lọc
BQP,UPCOM,2026-09-23,16.0,15.325,15.823999999999998,52.48923385885968,-0.027238389263088,-0.1630982318197034,5000,1565.0,True,False,True,True,True,4,Đạt bộ lọc
DPM,HOSE,2026-09-24,22.7,22.64,22.130436,52.29459853736683,0.2161438928611581,0.2148016263756346,3141500,3717165.0,True,True,True,True,False,4,Đạt bộ lọc
MTS,UPCOM,2026-09-14,9.0,8.9692,8.82064,52.18484025899767,-0.0836644602666965,-0.0361717213420421,2300,2025.0,True,True,True,False,True,4,Đạt bộ lọc
TRS,UPCOM,2026-09-23,30.8,29.033225000000005,30.075968,52.1558738367518,0.4921868769322266,0.3323229289261116,1000,385.0,True,False,True,True,True,4,Đạt bộ lọc
TNT,HOSE,2026-09-24,10.0,9.96,9.66,51.94595468538365,0.1207332107374412,0.106221746189674,1100,33895.0,True,True,True,True,False,4,Đạt bộ lọc
PMC,HNX,2026-09-23,124.8,122.262255,125.648656,51.73386773451842,-0.2762121380910969,-1.17951678347932,3900,1550.0,True,False,True,True,True,4,Đạt bộ lọc
DNA,UPCOM,2026-09-21,22.5,21.689095,22.705528000000005,51.73358812619112,-0.0547911850853672,-0.2422735447727399,5400,5340.0,True,False,True,True,True,4,Đạt bộ lọc
SEP,UPCOM,2026-09-18,18.3,17.814999999999998,17.674302,51.53191147894165,-0.0437753766143274,-0.0638924810731227,500,1895.0,True,True,True,True,False,4,Đạt bộ lọc
ALV,UPCOM,2026-09-24,6.7,6.609999999999999,6.702000000000001,51.39610066961074,-0.0212586265364702,-0.0459849510518472,5700,4215.0,True,False,True,True,True,4,Đạt bộ lọc
BIC,HOSE,2026-09-24,21.55,21.4725,21.408,51.28942098847599,0.0060542571684791,-0.0525710327793249,14200,23585.0,True,True,True,True,False,4,Đạt bộ lọc
CTR,HOSE,2026-09-24,74.1,74.075,73.49600000000001,51.21575610704677,-0.5738880182943831,-0.4428768519975321,541100,204245.0,True,True,True,False,True,4,Đạt bộ lọc
AMV,HNX,2026-09-24,1.2,1.1549999999999998,1.224,51.20268301095968,-0.0005119062889704,-0.0271236219946445,803700,524050.0,True,False,True,True,True,4,Đạt bộ lọc
MWG,HOSE,2026-09-24,72.9,72.77000000000001,72.240392,51.13357137862248,-0.1182649004872189,-0.2147985665680048,1664600,2484580.0,True,True,True,True,False,4,Đạt bộ lọc
SFG,HOSE,2026-09-24,10.5,10.45,10.406362,51.12606539968485,-0.0207291452421412,-0.0157034726115227,2600,1430.0,True,True,True,False,True,4,Đạt bộ lọc
S12,UPCOM,2026-09-11,2.0,1.98,1.948,51.09551771662965,0.083567495606069,0.0709510336657874,1100,1935.0,True,True,True,True,False,4,Đạt bộ lọc
DNE,UPCOM,2026-09-23,9.6,9.53,8.644742,51.08877995692716,0.636368888105169,0.5694663659466086,200,3350.0,True,True,True,True,False,4,Đạt bộ lọc
PSD,HNX,2026-09-24,11.9,11.750000000000002,12.287148,50.94501280069252,-0.1771254097954973,-0.2323472305329796,57000,43075.0,True,False,True,True,True,4,Đạt bộ lọc
SAF,HNX,2026-09-24,56.6,56.49000000000001,56.172,50.88680282442842,0.1657563114568034,0.1982568887149023,7800,6865.0,True,True,True,False,True,4,Đạt bộ lọc
AVC,UPCOM,2026-09-24,40.4,40.01,40.764,50.73788434726376,-0.0682518997124503,-0.1976749797894064,1000,665.0,True,False,True,True,True,4,Đạt bộ lọc
POV,UPCOM,2026-09-24,7.3,7.279999999999999,7.053999999999999,50.60511488146191,0.1428165723650618,0.1383984042610707,4100,7275.0,True,True,True,True,False,4,Đạt bộ lọc
NT2,HOSE,2026-09-24,20.9,20.705,21.062,50.48772012834232,-0.0998382852689445,-0.1805070224579203,584800,485535.0,True,False,True,True,True,4,Đạt bộ lọc
TNC,HOSE,2026-09-24,26.8,26.20622,27.483834,50.48500220826423,-0.2974931056549117,-0.6018908367154517,900,645.0,True,False,True,True,True,4,Đạt bộ lọc
GPC,UPCOM,2026-09-24,1.9,1.89,1.914,50.41126015434436,-0.0104773493510008,-0.0116302998803319,19000,5470.0,True,False,True,True,True,4,Đạt bộ lọc
VEF,UPCOM,2026-09-24,78.8,78.58500000000001,77.352,50.33444274314272,0.090863716322417,0.0364552614474585,1900,3105.0,True,True,True,True,False,4,Đạt bộ lọc
DNH,UPCOM,2026-09-23,45.0,43.56748,46.305518,50.25759333474367,-0.3612307960674172,-0.8525777409640574,600,410.0,True,False,True,True,True,4,Đạt bộ lọc
VPC,UPCOM,2026-09-04,2.5,2.365,2.246,50.21344951572332,0.2142276180166158,0.1570995211128145,100,7926.0,True,True,True,True,False,4,Đạt bộ lọc
ELC,HOSE,2026-09-24,13.7,13.543035,14.025816,50.15393292969164,-0.2139305647734541,-0.2549283357240917,1024800,313160.0,True,False,True,True,True,4,Đạt bộ lọc
EIC,UPCOM,2026-09-24,19.5,19.33,19.2,50.146593369600126,0.2867442128778918,0.1498723767377361,300,1045.0,True,True,True,True,False,4,Đạt bộ lọc
VTA,UPCOM,2026-09-18,1.9,1.815,2.052,50.1461081694159,-0.0601950078647539,-0.0749661162840012,17400,10315.0,True,False,True,True,True,4,Đạt bộ lọc
BFC,HOSE,2026-09-24,47.8,47.502500000000005,48.172862,50.04019001370247,-0.2009142665267091,-0.3233284680271259,182500,140100.0,True,False,True,True,True,4,Đạt bộ lọc
TVH,UPCOM,2026-09-22,130.0,87.2261,45.289562,81.62370952232844,22.46825642143935,18.75055635541847,100,190.0,True,True,False,True,False,3,Theo dõi
CCA,UPCOM,2026-09-23,15.0,12.815,12.484732,79.74135474974221,0.4185959346431023,0.2123712622172107,600,675.0,True,True,False,True,False,3,Theo dõi
SD5,HNX,2026-09-24,7.8,7.095000000000001,7.1160000000000005,76.23041868583685,0.0773341126828119,-0.0063743496118088,10800,4675.0,True,False,False,True,True,3,Theo dõi
SRF,HOSE,2026-09-24,7.99,7.096845,7.012153999999999,75.34407978335213,0.2458988749325472,0.1236267695554028,29900,43670.0,True,True,False,True,False,3,Theo dõi
PAT,UPCOM,2026-09-24,73.0,67.829075,64.09707200000001,75.06056603674651,2.466427569867349,1.8719249551756083,8200,21610.0,True,True,False,True,False,3,Theo dõi
MSB,HOSE,2026-09-24,14.25,13.148675,13.279986,74.69627016511508,0.1280317780604782,-0.0159838463325251,17566400,7133715.0,True,False,False,True,True,3,Theo dõi
TET,HNX,2026-09-08,50.0,45.775,40.12176,72.80158479295139,3.206796544583767,3.019720828801546,100,700.0,True,True,False,True,False,3,Theo dõi
SVC,HOSE,2026-09-24,19.45,16.967499999999998,17.699779999999997,69.10917488054021,0.3863296973667758,0.0057474337222685,100,2935.0,True,False,True,True,False,3,Theo dõi
BXH,HNX,2026-09-24,18.7,13.629925,14.06331,69.10395408176188,0.6243511295766151,-0.0402741943236824,400,13475.0,True,False,True,True,False,3,Theo dõi
QNS,UPCOM,2026-09-24,49.7,48.96,47.419558,68.58179778836538,0.7625675353336447,0.7875104379971809,202500,276005.0,True,True,True,False,False,3,Theo dõi
HTN,HOSE,2026-09-24,6.58,6.483639999999999,5.502804,67.13080015302128,0.34350144368761,0.3891349111432808,160600,440620.0,True,True,True,False,False,3,Theo dõi
KTC,UPCOM,2026-09-09,12.0,9.353745,9.401476,66.40197261559268,0.3149982789557271,0.1167604379006036,100,750.0,True,False,True,True,False,3,Theo dõi
VE3,HNX,2026-09-11,9.3,6.904999999999999,7.56,64.09591902670627,0.3339343999421054,-0.0746122937435883,100,7675.0,True,False,True,True,False,3,Theo dõi
SLD,UPCOM,2026-09-17,14.2,9.595,10.642,64.03878313420581,0.0261120772782259,-0.446404635747427,100,815.0,True,False,True,True,False,3,Theo dõi
PDB,HNX,2026-09-24,24.9,24.065,22.642000000000003,63.70539696723439,0.6887833593895465,0.7051427697028871,2900,31200.0,True,True,True,False,False,3,Theo dõi
DNL,UPCOM,2026-09-22,35.4,23.619245,25.466664,63.145398099375015,0.4531755010981655,-1.2656796714550798,100,300.0,True,False,True,True,False,3,Theo dõi
VSN,UPCOM,2026-09-24,14.9,13.05611,13.069288000000002,62.84530999102933,0.3563440960246566,0.1380572995980822,100,485.0,True,False,True,True,False,3,Theo dõi
CHC,UPCOM,2026-09-10,7.3,5.48953,5.69942,62.78063739198634,0.0864636957589937,-0.1051925543494562,100,3555.0,True,False,True,True,False,3,Theo dõi
DKG,UPCOM,2026-09-07,11.0,8.209999999999999,8.36,62.572170074742,0.0706332089299142,-0.270042504826204,100,590.0,True,False,True,True,False,3,Theo dõi
HAF,UPCOM,2026-09-24,17.8,14.554999999999998,15.52,62.55666561106603,0.85248875703242,0.2209724443123508,100,130.0,True,False,True,True,False,3,Theo dõi
DVP,HOSE,2026-09-24,74.4,73.754215,73.418194,62.243711784535286,0.129646795948318,0.1372854358471964,14000,15600.0,True,True,True,False,False,3,Theo dõi
SDK,UPCOM,2026-09-18,11.1,9.347694999999998,9.791604,62.01384662073414,0.4018089639712112,0.0976409244270718,200,9235.0,True,False,True,True,False,3,Theo dõi
RGG,UPCOM,2026-09-22,44.2,41.18558,36.068976,61.941236597361566,2.968537690106352,3.044501872915181,100,140.0,True,True,True,False,False,3,Theo dõi
NDX,HNX,2026-09-18,6.2,5.501479999999999,5.8836900000000005,61.33642225531445,0.0707720460771756,-0.0521796964896769,100,620.0,True,False,True,True,False,3,Theo dõi
SCL,UPCOM,2026-09-24,27.4,26.855,24.988,60.97078157849481,0.4728658762490276,0.606828904062859,108800,132350.0,True,True,True,False,False,3,Theo dõi
SD9,HNX,2026-09-14,10.8,10.395,10.44,60.61882477419703,0.0496653878555832,0.0086268008046533,400,7985.0,True,False,True,True,False,3,Theo dõi
FRM,UPCOM,2026-08-26,11.5,9.776995,7.857098,60.557991363944026,0.8370814795022756,0.8638073120850708,1000,2460.0,True,True,True,False,False,3,Theo dõi
BLN,UPCOM,2026-09-04,8.3998,6.68412,6.844302,60.26256121972426,0.0265469677460812,-0.1492906144174848,100,720.0,True,False,True,True,False,3,Theo dõi
DDG,UPCOM,2026-09-24,1.0,0.955,,60.21816643897277,0.0002735441727882,-0.0051086654753271,297700,343225.0,True,False,True,True,False,3,Theo dõi
RYG,HOSE,2026-09-24,8.45,8.204455,7.965026,60.12094882425576,0.1359145828950758,0.1399291602342094,3500,88905.0,True,True,True,False,False,3,Theo dõi
ULG,UPCOM,2026-09-24,11.6,13.51,,59.87937273608114,-2.047850194414231,-2.1046962715307886,4600,3840.0,False,False,True,True,True,3,Theo dõi
LG9,UPCOM,2026-08-28,5.4,3.975,4.62,59.27909089596377,-0.0876340919713607,-0.2408131941047594,100,165.0,True,False,True,True,False,3,Theo dõi
SKV,UPCOM,2026-09-23,23.7,22.860000000000003,23.142000000000003,58.88863341533264,0.0123459699083205,-0.0738068491558302,100,4855.0,True,False,True,True,False,3,Theo dõi
CKD,UPCOM,2026-09-24,23.5,20.84,21.76594,58.6944678118093,0.1788728308199871,-0.2040958737876292,100,575.0,True,False,True,True,False,3,Theo dõi
DHB,UPCOM,2026-09-24,12.4,11.485,11.74,58.65909040451923,0.2591469249564877,0.0908649422709991,63000,65675.0,True,False,True,True,False,3,Theo dõi
LM7,UPCOM,2026-08-28,2.4,1.9,2.3920000000000003,58.65740703653448,-0.1229327620431244,-0.2030816589597184,100,2825.0,True,False,True,True,False,3,Theo dõi
PC1,HOSE,2026-09-24,21.05,20.43,20.752,58.65673715400271,0.0103333863467476,-0.1090520073699873,1232900,1584860.0,True,False,True,True,False,3,Theo dõi
GTS,UPCOM,2026-09-11,10.482,9.845935,9.892536,58.55804262260324,0.1517768599195808,0.0354676149249762,400,735.0,True,False,True,True,False,3,Theo dõi
DMX,HOSE,2026-09-24,77.0,75.99,,58.316218123293936,-0.8131451603583315,-1.2332882380876669,117300,419980.0,True,False,True,True,False,3,Theo dõi
VNY,UPCOM,2026-09-15,6.4,5.0600000000000005,5.496,58.30565002047763,0.0933306080690759,-0.0903304241460106,100,44560.0,True,False,True,True,False,3,Theo dõi
TST,UPCOM,2026-09-18,10.0,8.17,8.304,58.04197765164616,0.3334050539517399,0.0926154067446876,100,25035.0,True,False,True,True,False,3,Theo dõi
TMS,HOSE,2026-09-24,37.9,35.9225,37.153,57.709362180007766,-0.0023609342055124,-0.4075763345693545,100,845.0,True,False,True,True,False,3,Theo dõi
SZE,UPCOM,2026-09-24,7.9,7.522340000000002,7.264608000000001,57.57459746783571,0.1200509034398731,0.1245434650078034,100,1975.0,True,True,True,False,False,3,Theo dõi
ICN,UPCOM,2026-09-24,25.5,24.847255,25.373482,57.36234960489182,-0.1222268957411465,-0.2142618254864613,300,1610.0,True,False,True,True,False,3,Theo dõi
SAL,UPCOM,2026-08-25,4.232,2.90391,3.94361,57.34590284911861,-0.2731475790251805,-0.4657807930950643,100,159.55,True,False,True,True,False,3,Theo dõi
VPB,HOSE,2026-09-24,22.1,21.81274,20.760976,57.106626235476526,0.3991529741722424,0.3992026232019555,21317700,22646885.0,True,True,True,False,False,3,Theo dõi
VGV,UPCOM,2026-09-23,51.9,46.67,46.762,56.973650651235474,1.253700771396261,0.720513895295956,200,3030.0,True,False,True,True,False,3,Theo dõi
CPC,HNX,2026-09-15,16.8,15.970000000000002,16.077212,56.87267709192545,0.0573657316585638,0.0088140341868592,100,745.0,True,False,True,True,False,3,Theo dõi
SD4,UPCOM,2026-09-04,2.4,1.93,2.184,56.859554671319344,-0.0058511817366331,-0.0757767708203047,900,5910.0,True,False,True,True,False,3,Theo dõi
LSG,UPCOM,2026-09-24,35.7,35.15,34.216,56.72821259375393,0.4562885311606166,0.4781829667295216,9700,30035.0,True,True,True,False,False,3,Theo dõi
VGP,HNX,2026-09-24,28.1,28.005000000000003,27.436,56.62601511869731,0.1814009585557947,0.2086131480509537,24400,24830.0,True,True,True,False,False,3,Theo dõi
NAB,HOSE,2026-09-24,12.0,11.615,11.928,56.414682715203824,0.0599956322778645,-0.0509728542422968,1297600,1415250.0,True,False,True,True,False,3,Theo dõi
PVM,UPCOM,2026-09-24,19.0,18.505,18.772,56.39263123643078,-0.0967640818573514,-0.1683601799650965,200,2760.0,True,False,True,True,False,3,Theo dõi
TCW,UPCOM,2026-09-24,29.6,29.465,29.274,56.36346331928157,0.0894206848037875,0.092141670103094,1300,1985.0,True,True,True,False,False,3,Theo dõi
TDW,HOSE,2026-09-23,48.0,45.911415,46.392728,56.26665552485711,0.2301232760694844,0.0706358958490498,600,845.0,True,False,True,True,False,3,Theo dõi
MNB,UPCOM,2026-09-21,26.0,23.9282,24.037162,56.25727511176379,0.0336685812126269,-0.0950962424339429,300,1125.0,True,False,True,True,False,3,Theo dõi
HAD,HNX,2026-09-23,13.3,12.718880000000002,12.804240000000002,56.25711481280304,0.1394458653271275,0.0725575902239263,100,1035.0,True,False,True,True,False,3,Theo dõi
VPI,HOSE,2026-09-24,61.8,61.00382499999999,58.55460600000001,56.22683360296642,0.8270483958888377,0.9322418911120988,1497100,2085700.0,True,True,True,False,False,3,Theo dõi
NDN,HNX,2026-09-24,9.0,8.7,9.014,56.20642147403918,-0.0035856922437726,-0.1005359678621552,77800,97700.0,True,False,True,True,False,3,Theo dõi
VIE,UPCOM,2026-09-22,6.8,6.265000000000001,7.161999999999999,56.186938025729226,-0.1462186445911619,-0.2580831774905296,100,675.0,True,False,True,True,False,3,Theo dõi
BMD,UPCOM,2026-09-04,12.0,9.649780000000002,10.765294,56.16904794164439,0.1475670265581445,-0.2109762475896824,800,1850.0,True,False,True,True,False,3,Theo dõi
VSM,HNX,2026-09-21,15.7,14.464999999999998,14.71,56.01911687280967,0.2568431370987767,0.0631233310910573,100,1060.0,True,False,True,True,False,3,Theo dõi
CCI,HOSE,2026-09-24,18.0,16.69,17.248117999999998,55.98178881667381,0.0126972915935432,-0.1303863159623363,600,1740.0,True,False,True,True,False,3,Theo dõi
HPB,UPCOM,2026-09-24,21.1,19.315,20.504,55.96865092591004,-0.5034797220897715,-0.7745135414522739,500,545.0,True,False,True,True,False,3,Theo dõi
CMF,UPCOM,2026-09-18,394.0,360.595,379.57606,55.96000376434381,-1.9401934226359003,-5.432594229045492,100,455.0,True,False,True,True,False,3,Theo dõi
NST,HNX,2026-09-24,12.5,12.31,12.312,55.88953448492971,0.0301855024994122,0.0071255244180465,1300,1405.0,True,False,True,True,False,3,Theo dõi
TMX,HNX,2026-09-24,8.6,8.375,8.43,55.87915021014175,-0.0201233354161534,-0.0661507950814542,500,1780.0,True,False,True,True,False,3,Theo dõi
PIA,HNX,2026-09-23,29.3,26.955,27.0376,55.86247510795614,0.5775031214882134,0.3489649962773166,5500,16090.0,True,False,True,True,False,3,Theo dõi
GVT,UPCOM,2026-09-23,83.7,76.01,78.39674,55.81003422086036,-0.6059842653084644,-0.9013625572786756,100,3420.0,True,False,True,True,False,3,Theo dõi
L63,UPCOM,2026-09-23,9.5,9.585,8.726,55.74981025070903,0.2155178948410387,0.2861196926066965,18600,6830.0,False,True,True,False,True,3,Theo dõi
HSP,UPCOM,2026-09-16,15.9,15.535,15.020172,55.743714038041496,0.2748178814619937,0.2863386747389511,500,1705.0,True,True,True,False,False,3,Theo dõi
STB,HOSE,2026-09-24,76.9,76.205,74.27,55.65403541368549,0.7763066428235845,0.8554242430728332,2073800,3411015.0,True,True,True,False,False,3,Theo dõi
PCC,UPCOM,2026-09-24,28.0,24.195,28.376,55.584094182974525,-1.1140110589918208,-1.5658905902256124,100,765.0,True,False,True,True,False,3,Theo dõi
REE,HOSE,2026-09-24,46.7,45.8125,45.95,55.52700685958599,0.1580963274583524,-0.0805836543789216,299400,340880.0,True,False,True,True,False,3,Theo dõi
KKC,HNX,2026-09-18,6.3,5.785,6.148000000000001,55.47963793303784,0.0293950350992542,-0.0719667374161017,800,1030.0,True,False,True,True,False,3,Theo dõi
SKN,UPCOM,2026-09-22,8.1,7.555,7.832829999999999,55.335131125522445,-0.1429374080281134,-0.1919767963359165,100,550.0,True,False,True,True,False,3,Theo dõi
EMS,UPCOM,2026-09-23,18.5,17.75319,17.851244,55.32528618724485,0.2661631011066525,0.1340721748935952,100,570.0,True,False,True,True,False,3,Theo dõi
TR1,UPCOM,2026-09-10,16.6,16.148335,15.394396,55.31493702358739,0.266185508372919,0.3080048457697946,200,1630.0,True,True,True,False,False,3,Theo dõi
CLC,HOSE,2026-09-21,54.0,53.6,52.38261000000001,55.31225570240259,0.5605368362735774,0.6245110664237188,400,795.0,True,True,True,False,False,3,Theo dõi
VNR,HNX,2026-09-24,18.0,17.835,17.98246,55.25430146474545,-0.0897089254446932,-0.1139952615876506,13700,14975.0,True,False,True,True,False,3,Theo dõi
PAI,UPCOM,2026-09-22,13.9,13.18972,11.886878,55.210611533134895,0.3661725718246469,0.4520594244174274,200,330.0,True,True,True,False,False,3,Theo dõi
IFS,UPCOM,2026-09-24,17.5,17.245,16.815246,55.17992985629228,0.1473967198514749,0.167973720148983,900,1675.0,True,True,True,False,False,3,Theo dõi
EME,UPCOM,2026-08-28,30.0,25.125,26.39308,55.1077218763949,0.5843689463688939,0.0692005347676863,100,135.0,True,False,True,True,False,3,Theo dõi
THW,UPCOM,2026-09-16,17.9,17.62499,16.961416,54.97170423476216,0.2507312980605256,0.2945910401380371,100,570.0,True,True,True,False,False,3,Theo dõi
BCF,HNX,2026-09-24,36.3,35.5,36.082642,54.763297855655615,0.0642991123477614,-0.0674164327998852,300,1095.0,True,False,True,True,False,3,Theo dõi
TVT,HOSE,2026-09-24,15.45,15.15,15.208136,54.66050758859178,0.0029233873653637,-0.0658847949193018,1000,2040.0,True,False,True,True,False,3,Theo dõi
VBC,HNX,2026-09-16,19.3,18.580225,19.054672,54.5144104895424,-0.083000275448871,-0.2099640725825276,200,680.0,True,False,True,True,False,3,Theo dõi
HEJ,UPCOM,2026-09-24,14.7,13.79,13.994000000000002,54.28448443535714,-0.3956734357877582,-0.4146263894710584,100,390.0,True,False,True,True,False,3,Theo dõi
AAM,HOSE,2026-09-24,7.53,7.4925000000000015,7.086547999999999,54.26739950358596,0.1165891834058578,0.1465497070398312,200,6630.0,True,True,True,False,False,3,Theo dõi
CVN,UPCOM,2026-09-24,1.3,1.245,1.3019999999999998,54.2459670956592,-0.011351712970119,-0.0245869155245632,193200,224275.0,True,False,True,True,False,3,Theo dõi
SCJ,UPCOM,2026-09-17,2.7,2.605,2.6860000000000004,54.134440167041845,-0.0257768221322924,-0.0420630814178523,2800,2985.0,True,False,True,True,False,3,Theo dõi
ICI,UPCOM,2026-09-08,10.0,9.66,9.706,54.00416903160257,-0.0504193196400173,-0.1053958447938088,100,665.0,True,False,True,True,False,3,Theo dõi
KTL,UPCOM,2026-09-18,21.8,19.653705,21.642712000000003,53.9794823457302,0.1060039491220443,-0.2448410602794003,200,2730.0,True,False,True,True,False,3,Theo dõi
VLB,UPCOM,2026-09-24,47.9,47.67999999999999,47.897616000000006,53.90900685922432,-0.1435905840604761,-0.1193726129659462,22600,13385.0,True,False,True,False,True,3,Theo dõi
SGI,UPCOM,2026-09-09,9.8,9.41,9.486886,53.86527481578319,-0.0126223547644244,-0.049363516275261,100,750.0,True,False,True,True,False,3,Theo dõi
E29,UPCOM,2026-09-21,8.3998,8.280899999999999,7.947262,53.71928181436477,0.1608766167574096,0.1734846525174622,100,525.0,True,True,True,False,False,3,Theo dõi
STD,UPCOM,2026-09-24,5.7,5.51,5.702000000000001,53.69342122852614,-0.0927399330279827,-0.1107533562674075,100,2230.0,True,False,True,True,False,3,Theo dõi
EVS,HNX,2026-09-24,5.4,5.205,5.505999999999999,53.55514672813839,-0.0324136192905655,-0.1040122292791625,204000,256440.0,True,False,True,True,False,3,Theo dõi
PDV,HOSE,2026-09-24,8.52,8.408999999999999,8.417800000000002,53.5145699796321,0.0472843883615698,0.0191698432589407,16400,25275.0,True,False,True,True,False,3,Theo dõi
NBB,HOSE,2026-09-24,17.25,17.09,17.135,53.506075971491214,0.0318962843195969,-0.011342236525774,15400,24025.0,True,False,True,True,False,3,Theo dõi
AGX,UPCOM,2026-09-24,157.0,140.9767,164.99232,53.48967972309698,-4.681491126001617,-7.684907792776491,100,365.0,True,False,True,True,False,3,Theo dõi
DND,UPCOM,2026-09-23,8.5,7.74,8.66,53.42812484567142,-0.1859264214241944,-0.3041297333370668,200,480.0,True,False,True,True,False,3,Theo dõi
SHP,HOSE,2026-09-24,31.5,31.335,31.402,53.36354073902855,0.0071761064623956,-0.0424836642004601,1200,2495.0,True,False,True,True,False,3,Theo dõi
PVG,HNX,2026-09-24,6.0,5.93,5.754,53.29994683209255,0.1041200411816705,0.1041656596406261,72500,92245.0,True,True,True,False,False,3,Theo dõi
VW3,UPCOM,2026-09-18,9.6,9.05,9.278,53.22695391805719,-0.0435475718958944,-0.1004284848821465,200,1800.0,True,False,True,True,False,3,Theo dõi
HNA,HOSE,2026-09-23,21.9,21.51,21.599,53.19732977157107,0.0266686570505179,-0.0248614162369644,1200,1345.0,True,False,True,True,False,3,Theo dõi
MEL,HNX,2026-09-17,6.5,6.254995,6.428802000000001,53.18351963750749,-0.084558965584943,-0.1019387321605142,100,1710.0,True,False,True,True,False,3,Theo dõi
SJ1,HNX,2026-09-24,16.4,16.19,13.976392,53.1666601856228,0.5799665900575626,0.7793541796096493,200,500.0,True,True,True,False,False,3,Theo dõi
CAR,HNX,2026-09-24,16.8,15.405,16.763326000000003,53.16449652968116,0.1267686719457295,-0.0556343651845769,400,177755.0,True,False,True,True,False,3,Theo dõi
SIV,UPCOM,2026-09-23,40.0,39.95,39.326352,53.15852926776032,0.1700632966252229,0.2150480021090276,1000,1245.0,True,True,True,False,False,3,Theo dõi
L43,UPCOM,2026-09-24,1.8,1.585,1.92,53.124204845842776,-0.0715732619567319,-0.1089482330408616,100,1780.0,True,False,True,True,False,3,Theo dõi
PMP,HNX,2026-09-21,12.0,11.781615,11.783196,53.10317962772948,-0.1177999879239823,-0.1325443999201005,500,860.0,True,False,True,True,False,3,Theo dõi
TTC,HNX,2026-09-24,9.7,9.12,9.139,53.09383140843128,0.1916297732361638,0.0740564910137295,100,4070.0,True,False,True,True,False,3,Theo dõi
PIS,UPCOM,2026-09-15,11.5,10.669999999999998,11.021114,53.0682931255901,0.0929864225699752,-0.0605246610972559,600,1050.0,True,False,True,True,False,3,Theo dõi
QNC,UPCOM,2026-09-11,5.5,5.3100000000000005,5.312,53.04306907460783,0.0192232372414054,0.0122330002703765,100,1350.0,True,False,True,True,False,3,Theo dõi
BTD,UPCOM,2026-09-24,18.3,17.715425000000003,17.382900000000003,53.00934248612128,-0.1930347822590299,-0.0807954027147913,500,2685.0,True,True,True,False,False,3,Theo dõi
CHS,UPCOM,2026-09-22,11.1,10.845,10.92,53.00665722261645,-0.0671443796126531,-0.0769129707655493,100,1950.0,True,False,True,True,False,3,Theo dõi
PTX,HNX,2026-08-25,21.7,20.165,20.407838,52.93799015822008,0.6567578448914766,0.2774590053158994,200,960.0,True,False,True,True,False,3,Theo dõi
MGG,UPCOM,2026-09-23,25.0,24.335,25.168000000000003,52.84570901167716,-0.1178836722590475,-0.2313894552444145,700,4720.0,True,False,True,True,False,3,Theo dõi
MDG,HOSE,2026-09-23,38.15,37.055,37.193000000000005,52.81783570843642,0.5440172796438105,0.233521709541546,100,7315.0,True,False,True,True,False,3,Theo dõi
BT1,UPCOM,2026-09-10,12.0,11.2,11.524,52.80450963776179,0.1180015390872348,-0.0440739487143523,1000,1765.0,True,False,True,True,False,3,Theo dõi
DID,UPCOM,2026-09-23,3.6,3.385,3.542,52.781732231861234,-0.0293905890506875,-0.0451421744258538,100,1850.0,True,False,True,True,False,3,Theo dõi
DSP,UPCOM,2026-09-22,13.0,12.32,13.158,52.75187044123749,-0.2426227179160118,-0.2974939460376967,1200,1250.0,True,False,True,True,False,3,Theo dõi
NCG,UPCOM,2026-09-22,11.6,11.175,11.554,52.68145322149195,0.1492474830607406,0.041222260769052,100,7860.0,True,False,True,True,False,3,Theo dõi
ITQ,HNX,2026-09-24,2.6,2.55,2.5860000000000003,52.64780865033258,0.0071203217441189,-0.0029694999078221,14800,45675.0,True,False,True,True,False,3,Theo dõi
KHW,UPCOM,2026-09-23,26.0,25.78201,25.34604,52.63802737681486,0.3102426883827505,0.3403246084574068,100,800.0,True,True,True,False,False,3,Theo dõi
VPR,UPCOM,2026-09-24,7.0,6.825,7.025096,52.62511655721435,0.0252828866374743,-0.0097218894278826,100,2310.0,True,False,True,True,False,3,Theo dõi
SSI,HOSE,2026-09-24,20.85,20.9625,20.018912,52.558326747354734,0.1716894181304589,0.2040577462424528,22439900,20973920.0,False,True,True,False,True,3,Theo dõi
XMD,UPCOM,2026-09-24,6.0,5.67,5.877999999999999,52.532625287727406,-0.0285942689985665,-0.1017137972918958,1000,7175.0,True,False,True,True,False,3,Theo dõi
TBR,UPCOM,2026-09-17,7.5,7.13,7.002000000000001,52.522581438186656,-0.022626802507637,0.0494508041339575,100,650.0,True,True,True,False,False,3,Theo dõi
VUA,UPCOM,2026-09-04,17.0,16.55,16.278000000000002,52.51568570091828,-0.3644557094051528,-0.2401866715623241,200,795.0,True,True,True,False,False,3,Theo dõi
QSP,UPCOM,2026-09-23,22.8,22.33,22.866232,52.47066621942483,-0.2323550922939148,-0.2658093738683793,100,1030.0,True,False,True,True,False,3,Theo dõi
HBH,UPCOM,2026-09-23,6.0,5.9692050000000005,5.633732,52.44253225333654,-0.0144416532184994,0.0596834350581915,100,625.0,True,True,True,False,False,3,Theo dõi
CBI,UPCOM,2026-09-21,14.7,13.74,14.036,52.43130702002752,0.2363671058816976,0.1427748795363722,500,4005.0,True,False,True,True,False,3,Theo dõi
NED,UPCOM,2026-09-24,5.8,5.73,5.8,52.421942672693056,-0.0011521415050559,-0.0232349985889774,26100,32620.0,True,False,True,True,False,3,Theo dõi
DWS,UPCOM,2026-09-22,13.8,13.14858,13.865646,52.41905016368607,-0.2233558575484178,-0.3011081056361683,300,690.0,True,False,True,True,False,3,Theo dõi
PPY,HNX,2026-09-24,7.0,6.994999999999999,6.88936,52.19396867895455,0.032591997847696,0.0454928781702225,1000,8260.0,True,True,True,False,False,3,Theo dõi
TDS,UPCOM,2026-09-23,8.2,8.08,8.114,52.18464432426671,0.0472689313234031,0.0301652175243899,100,1815.0,True,False,True,True,False,3,Theo dõi
STT,UPCOM,2026-09-11,1.3,1.175,1.352,52.16082196842809,0.0295121937963434,-0.0128584845298188,1300,3245.0,True,False,True,True,False,3,Theo dõi
NRC,HNX,2026-09-24,4.8,4.7,4.88,52.01703938437133,-0.064016543778119,-0.1043100204211866,513100,723885.0,True,False,True,True,False,3,Theo dõi
TMC,HNX,2026-09-24,7.2,6.945,7.330434,51.9651515910036,-0.1757555120129881,-0.1999596217457474,100,3120.0,True,False,True,True,False,3,Theo dõi
SNZ,UPCOM,2026-09-23,24.6,24.105,24.918,51.88527858587303,-0.1245117523778525,-0.2639521117375436,500,1200.0,True,False,True,True,False,3,Theo dõi
TMG,UPCOM,2026-09-21,66.0,63.09121,65.23137200000001,51.82807450931447,-0.7722666223784387,-0.955379339347088,400,965.0,True,False,True,True,False,3,Theo dõi
ACG,HOSE,2026-09-24,31.25,31.034465,31.006028,51.77580135733391,0.0220770325121861,0.0366873852970605,3600,7420.0,True,True,True,False,False,3,Theo dõi
VCA,HOSE,2026-09-24,6.45,6.445,6.2704,51.7515123014681,0.0334887270936139,0.0490311219766282,200,595.0,True,True,True,False,False,3,Theo dõi
HD8,UPCOM,2026-09-14,7.0,6.779999999999999,6.812,51.723093959363695,0.0115171631835773,-0.0028230788816797,300,395.0,True,False,True,True,False,3,Theo dõi
SSG,UPCOM,2026-09-22,6.0,5.75,6.338000000000001,51.65118384368899,-0.1899903142579422,-0.2546591535248547,100,2065.0,True,False,True,True,False,3,Theo dõi
NDT,UPCOM,2026-09-24,4.7,4.68,4.654,51.61948641204603,-0.0132397277558302,-0.0119230801838116,1200,1600.0,True,True,True,False,False,3,Theo dõi
BRC,HOSE,2026-09-24,11.1,11.04002,11.067942,51.59884213856015,0.001727219419056,-0.0092374275780705,800,2280.0,True,False,True,True,False,3,Theo dõi
TH1,UPCOM,2026-09-24,6.2,6.075,6.345999999999999,51.57941794818869,-0.1372801578881599,-0.1391495132795591,2500,5080.0,True,False,True,True,False,3,Theo dõi
MA1,UPCOM,2026-09-24,32.9,31.635,32.256780000000006,51.52138652319269,0.0482625845397421,-0.1208086715707907,100,555.0,True,False,True,True,False,3,Theo dõi
TNG,HNX,2026-09-24,16.7,16.57,16.68272,51.49623663543041,-0.0963384675582439,-0.1528524596898192,210600,299200.0,True,False,True,True,False,3,Theo dõi
DM7,UPCOM,2026-09-21,16.8,15.89112,17.720684,51.44701888928323,-0.8295010476259499,-0.8602751684284713,400,490.0,True,False,True,True,False,3,Theo dõi
PCH,HNX,2026-09-24,18.3,18.28,18.072088,51.4403120027597,0.0164365965941293,0.033266716582294,79600,106890.0,True,True,True,False,False,3,Theo dõi
NAV,HOSE,2026-09-24,14.5,14.58786,14.275994,51.42962681564235,-0.139303392040226,-0.051078229514572,5000,1345.0,False,True,True,False,True,3,Theo dõi
BAB,HNX,2026-09-24,10.8,10.735,10.742,51.42849919942231,0.0085553313910065,-0.0065510839087518,2400,3930.0,True,False,True,True,False,3,Theo dõi
CTB,HNX,2026-09-22,16.5,16.559605,16.186708,51.41364052106592,0.1274694149945894,0.1474827354941489,3600,1560.0,False,True,True,False,True,3,Theo dõi
ACL,HOSE,2026-09-24,11.8,11.6325,12.202,51.32954410417912,-0.3206753225518444,-0.3357911831352867,300,5675.0,True,False,True,True,False,3,Theo dõi
TIX,HOSE,2026-09-23,40.65,39.73748,41.855238,51.328543522302255,-0.6190312316146915,-0.6602993270566571,400,2000.0,True,False,True,True,False,3,Theo dõi
TCL,HOSE,2026-09-24,29.3,29.190000000000005,29.451,51.28189300398905,-0.0709272197158696,-0.1204529532817106,10400,11965.0,True,False,True,True,False,3,Theo dõi
CFM,UPCOM,2026-09-22,9.3,9.265,8.891844,51.22211846650896,-0.2711887848306844,-0.0096908091554094,100,350.0,True,True,True,False,False,3,Theo dõi
POS,UPCOM,2026-09-24,14.7,14.760000000000002,14.281999999999998,51.17370273981612,0.1255540239499044,0.1524828617180763,14300,7535.0,False,True,True,False,True,3,Theo dõi
GND,UPCOM,2026-09-24,25.8,25.805,24.575706,51.10929131367725,0.0794777793948711,0.0703839721435777,100,380.0,False,True,True,True,False,3,Theo dõi
SPC,HNX,2026-08-26,10.0,10.365,9.454,51.062878494994365,0.0710611273400534,0.1211268722940454,2000,1565.0,False,True,True,False,True,3,Theo dõi
CPA,UPCOM,2026-09-03,8.5,8.315000000000001,8.586,51.04155781485275,0.0129148194706374,0.0202453105372671,7200,950.0,True,False,True,False,True,3,Theo dõi
BHI,UPCOM,2026-09-23,7.8,7.525,7.624,51.033075228416834,0.2769086064110491,0.1041362057117383,200,280.0,True,False,True,True,False,3,Theo dõi
PHS,UPCOM,2026-09-16,10.0,9.90064,10.119394,51.01066129027121,-0.1111950025872747,-0.1766304286897677,200,4750.0,True,False,True,True,False,3,Theo dõi
BVL,UPCOM,2026-09-17,13.5,13.22,13.844,50.756178207940685,-0.2162740988073412,-0.2197553079521837,100,620.0,True,False,True,True,False,3,Theo dõi
ABC,UPCOM,2026-09-24,10.2,10.14,10.17,50.71532527903191,0.0253634034703669,-0.0037474462898796,6000,6015.0,True,False,True,True,False,3,Theo dõi
TCR,HOSE,2026-09-23,2.18,2.143,2.2038,50.675885252651966,-0.0109792711508203,-0.0206183259818387,200,1220.0,True,False,True,True,False,3,Theo dõi
DAS,UPCOM,2026-08-26,11.0,10.87,11.12,50.56387824351184,0.020501191100422,-0.0372735217951669,100,295.0,True,False,True,True,False,3,Theo dõi
PTP,UPCOM,2026-09-21,11.2,10.93334,11.124482,50.50684183758951,0.0738186409158121,0.061694945856694,1000,12075.0,True,False,True,True,False,3,Theo dõi
DDB,UPCOM,2026-09-24,9.1,9.015,9.288,50.47964070490599,-0.0280087057370828,-0.0502920757857642,200,56005.0,True,False,True,True,False,3,Theo dõi
RCL,HNX,2026-09-21,11.2,11.18,11.160848,50.47154752245861,-0.0288554534292515,-0.0107403963615325,4500,5060.0,True,True,True,False,False,3,Theo dõi
TOW,UPCOM,2026-09-07,32.9,32.631989999999995,32.92566,50.46188011605893,-0.2043002490829906,-0.1705543622546483,1200,655.0,True,False,True,False,True,3,Theo dõi
LIC,UPCOM,2026-09-24,34.3,34.845,33.086,50.45761329909248,0.141938499151081,0.4526972803597506,16700,12510.0,False,True,True,False,True,3,Theo dõi
TDB,UPCOM,2026-09-24,39.5,39.56,39.486,50.452050045589225,0.0142676108415855,0.0498217105558227,2000,1050.0,False,True,True,False,True,3,Theo dõi
SCS,HOSE,2026-09-24,44.35,44.0425,44.45987,50.45134424653199,-0.0996230909215327,-0.2386039468803888,56600,91940.0,True,False,True,True,False,3,Theo dõi
CDR,UPCOM,2026-09-24,4.4,4.41,4.376,50.43307096299292,-0.0237714078702255,-0.0239027746352273,300,2680.0,False,True,True,True,False,3,Theo dõi
AME,HNX,2026-09-03,6.8,6.8100000000000005,6.962,50.41984233771001,-0.1448895292545255,-0.1586747201973227,2700,2570.0,False,False,True,True,True,3,Theo dõi
VSE,UPCOM,2026-09-24,7.4,7.279999999999999,7.453988000000001,50.406147422324885,-0.0209710701625809,-0.0544193008342471,1700,4865.0,True,False,True,True,False,3,Theo dõi
ICT,HOSE,2026-09-24,17.0,17.020000000000003,16.87394,50.3799321050577,0.0477564246798287,0.0475484077264103,100,9370.0,False,True,True,True,False,3,Theo dõi
BVS,HNX,2026-09-24,28.0,28.09,27.766,50.29743507356709,0.2155343869980974,0.1854368930047072,719100,888460.0,False,True,True,True,False,3,Theo dõi
VIM,UPCOM,2026-09-16,10.0,10.19068,9.800146,50.27716033864843,-0.013358802155583,0.0953301736936949,3600,990.0,False,True,True,False,True,3,Theo dõi
TIP,HOSE,2026-09-24,16.15,16.208105,15.997315999999998,50.25231580926089,0.0604156591988669,0.0558762245762825,23300,24455.0,False,True,True,True,False,3,Theo dõi
YBM,HOSE,2026-09-24,10.05,10.052499999999998,9.8986,50.22935148762439,0.0964796852676315,0.0925071108987746,100,1450.0,False,True,True,True,False,3,Theo dõi
HMC,HOSE,2026-09-24,10.7,10.6925,10.755999999999998,50.15250458090272,-0.0275656049001629,-0.0237515155525456,18600,5900.0,True,False,True,False,True,3,Theo dõi
NET,HNX,2026-09-24,61.0,60.955,60.962,50.05314468026828,0.065597486200474,0.0296342678897651,1400,1965.0,True,False,True,True,False,3,Theo dõi
GAS,HOSE,2026-09-24,82.0,83.39676,76.77484199999999,50.04426850587478,2.0664139851708114,2.472148020899878,2013200,1727265.0,False,True,True,False,True,3,Theo dõi
E12,UPCOM,2026-09-16,4.0,3.865,3.966,49.9661903253042,0.1316801777828464,0.0643115262001137,1100,550.0,True,False,False,True,True,3,Theo dõi
MTP,UPCOM,2026-09-24,13.7,13.495,13.392328,49.87860424118626,0.4204594894194322,0.2423499284826928,100,1335.0,True,True,False,True,False,3,Theo dõi
LDP,HNX,2026-09-24,7.8,7.725,7.916,49.84390489668385,-0.0539109748213908,-0.0811844103194231,45600,34595.0,True,False,False,True,True,3,Theo dõi
CDO,UPCOM,2026-09-18,1.5,1.4300000000000002,1.636,49.77335375216361,-0.051569657950615,-0.0727828189312874,45500,36885.0,True,False,False,True,True,3,Theo dõi
SZC,HOSE,2026-09-24,18.2,18.276655,18.175926,49.67393161084237,-0.1923427457312421,-0.193878693366411,465600,357620.0,False,True,False,True,True,3,Theo dõi
ADG,HOSE,2026-09-23,8.2,8.1705,8.2972,49.64056606170131,-0.0329514841830587,-0.0401078344577573,2600,910.0,True,False,False,True,True,3,Theo dõi
GHC,HOSE,2026-09-24,24.25,24.22,24.178,49.53202468958738,0.0627605129601462,0.0524144967429617,2000,5190.0,True,True,False,True,False,3,Theo dõi
BCM,HOSE,2026-09-24,40.95,41.23,40.575,49.35605307682772,-0.4410769102368164,-0.4571944001518278,1161100,612675.0,False,True,False,True,True,3,Theo dõi
DOP,UPCOM,2026-09-21,12.0,11.929595,11.688832,49.26969026579751,0.6521435388224166,0.5156007766522639,100,500.0,True,True,False,True,False,3,Theo dõi
TMT,HOSE,2026-09-24,10.9,10.8725,11.153999999999998,49.068192816737934,-0.1464293315794602,-0.173837064893093,7400,7275.0,True,False,False,True,True,3,Theo dõi
FOX,UPCOM,2026-09-24,62.6,62.29,63.7,49.04901663569854,-0.9484458615505532,-1.1353572840473354,111100,61135.0,True,False,False,True,True,3,Theo dõi
FSO,UPCOM,2026-09-24,8.3,8.015,8.175632,48.51654484608713,0.2898732224479232,0.1720879311334421,1400,375.0,True,False,False,True,True,3,Theo dõi
TVD,HNX,2026-09-24,8.7,8.695,8.732000000000001,47.98264317414996,0.0313222567625199,0.018726746732383,50500,38580.0,True,False,False,True,True,3,Theo dõi
VIP,HOSE,2026-09-24,9.74,9.7375,9.8332,47.48989169333139,-0.0225116077586058,-0.0377252156281527,40200,37430.0,True,False,False,True,True,3,Theo dõi
TV1,UPCOM,2026-09-24,20.0,20.125,20.09,47.30572228156517,-0.1096828479836382,-0.1158488157427549,112300,24145.0,False,True,False,True,True,3,Theo dõi
BIG,UPCOM,2026-09-24,4.8,4.890000000000001,4.776,47.0822165841582,0.108839538788982,0.1000614795725433,539000,505410.0,False,True,False,True,True,3,Theo dõi
GMD,HOSE,2026-09-24,76.3,76.97999999999999,76.702,47.0019037386778,-0.0450407179387326,-0.1041327603221343,803100,790055.0,False,True,False,True,True,3,Theo dõi
TTF,HOSE,2026-09-24,1.57,1.566,1.7345999999999997,45.52594486665076,-0.0805602538170044,-0.0903779790978186,1387800,814665.0,True,False,False,True,True,3,Theo dõi
HTL,HOSE,2026-09-24,19.3,19.85958,19.475732,44.29808006960228,0.2425213856324823,0.226973860154375,5800,3040.0,False,True,False,True,True,3,Theo dõi
TV2,HOSE,2026-09-24,25.7,26.0025,25.873,44.2762563985694,-0.1328555304658714,-0.1329343281668778,195900,94335.0,False,True,False,True,True,3,Theo dõi
PRO,UPCOM,2026-09-24,6.5,6.37,9.652,43.84780228053282,-0.5226835220578323,-0.7377840039870167,7000,3295.0,True,False,False,True,True,3,Theo dõi
CMV,HOSE,2026-09-24,7.78,8.2815,8.1366,43.5374334871937,0.1929882322402392,0.1829163105544076,2800,1820.0,False,True,False,True,True,3,Theo dõi
FCC,UPCOM,2026-08-25,80.0,36.38,,97.70413619601692,15.910622085639588,10.69067000266849,100,327.0,True,False,False,True,False,2,Không đạt
V68,UPCOM,2026-09-24,26.4,22.205,,75.6428856704523,1.9333484110130532,1.447128680412158,1000,30595.0,True,False,False,True,False,2,Không đạt
STH,UPCOM,2026-09-23,27.9,20.45,20.514,75.38967769487382,0.5728573709879221,-0.0894284499289141,100,19545.0,True,False,False,True,False,2,Không đạt
HHP,HOSE,2026-09-24,17.3,16.802500000000002,15.378798,71.34041881303762,0.5734067463214529,0.6122189027710432,636400,1097190.0,True,True,False,False,False,2,Không đạt
PDC,UPCOM,2026-08-27,6.3,4.744999999999999,4.888,71.15795003243841,0.1507211242166661,-0.0221913912859678,100,420.0,True,False,False,True,False,2,Không đạt
SJS,HOSE,2026-09-24,55.9,56.05999999999999,50.868,63.5524731773044,1.6346202831457075,1.964426556368856,1000,33135.0,False,True,True,False,False,2,Không đạt
TAH,UPCOM,2026-09-24,22.2,22.25,,59.42198965906615,-0.2078207110264642,-0.2378209936839621,9100,12490.0,False,False,True,True,False,2,Không đạt
FDC,HOSE,2026-09-10,22.65,21.595,21.606,55.59140984491811,-0.2383372301762243,-0.1948814409445432,100,420.0,True,False,True,False,False,2,Không đạt
HPW,UPCOM,2026-09-21,24.0,24.015,23.215536,55.36542986681208,0.2206265895902213,0.29123802123506,100,400.0,False,True,True,False,False,2,Không đạt
CC1,UPCOM,2026-09-22,38.0,38.0775,34.8333,53.70073249502694,0.7387618378903298,0.9061092675502196,200,695.0,False,True,True,False,False,2,Không đạt
SBL,UPCOM,2026-09-23,7.0,7.130000000000001,6.252000000000001,53.282762843703445,0.1622303974173675,0.2412580753288709,1400,2710.0,False,True,True,False,False,2,Không đạt
VC1,HNX,2026-09-21,12.8,12.3,12.733999999999998,52.53172522563786,-0.2579165578886258,-0.2422968443752235,100,580.0,True,False,True,False,False,2,Không đạt
XMC,UPCOM,2026-09-11,9.9,9.66,9.836,52.39763711907364,-0.1012544228827625,-0.0906517942733188,100,27705.0,True,False,True,False,False,2,Không đạt
MCH,HOSE,2026-09-24,141.7,142.56,138.813198,52.16630827955844,1.2142133703372906,1.563866423905306,226800,672745.0,False,True,True,False,False,2,Không đạt
VXT,UPCOM,2026-09-24,46.1,48.475,28.1146,52.070544968325976,8.232963761980983,9.084029199755372,100,1295.0,False,True,True,False,False,2,Không đạt
VHL,HNX,2026-09-18,11.4,11.165,11.372,52.06338208334165,-0.3395844914968453,-0.3052742174918181,100,840.0,True,False,True,False,False,2,Không đạt
DHG,HOSE,2026-09-24,90.3,90.53667,89.206356,52.05052469050823,0.2455655734381991,0.3306419052760374,1400,7320.0,False,True,True,False,False,2,Không đạt
AG1,UPCOM,2026-09-24,11.6,11.73,11.288,51.68583356915165,0.0557465710262743,0.0895177949389541,500,3635.0,False,True,True,False,False,2,Không đạt
TPC,HOSE,2026-09-24,12.0,12.156,10.008,51.6212106943964,0.8054548056451623,0.9449621016020788,1000,126445.0,False,True,True,False,False,2,Không đạt
TNW,UPCOM,2026-09-24,13.6,13.75,12.97758,51.56757414306274,0.1844308471719653,0.2735971221832614,100,1095.0,False,True,True,False,False,2,Không đạt
DP1,UPCOM,2026-09-24,28.1,28.196015,27.78064,51.457530435418064,-0.0361506972045404,-0.0131988765846332,600,2805.0,False,True,True,False,False,2,Không đạt
HDW,UPCOM,2026-09-22,16.0,16.069200000000002,15.87152,51.231049452354966,-0.1890829315953013,0.0015492866821452,500,510.0,False,True,True,False,False,2,Không đạt
SPV,UPCOM,2026-09-22,32.6,33.545,28.375154,51.156542222624736,1.1361435199600507,1.7948052377024997,200,48435.0,False,True,True,False,False,2,Không đạt
PVS,HNX,2026-09-24,32.3,32.717625,30.756346000000004,51.10271647914247,0.6629002195549774,0.7618820223658473,3545500,3580550.0,False,True,True,False,False,2,Không đạt
DCR,UPCOM,2026-09-14,4.5,4.67,4.297999999999999,51.089010077846574,-0.0092463472097765,0.0513178325047504,100,210.0,False,True,True,False,False,2,Không đạt
KST,HNX,2026-09-22,13.2,13.237085,12.922885999999998,51.05613274679373,0.0400412650885311,0.2291795141493731,100,940.0,False,True,True,False,False,2,Không đạt
PVO,UPCOM,2026-09-24,5.8,5.76,5.766,51.04111706943275,-0.0163474678073685,-0.001219255588343,3900,12335.0,True,False,True,False,False,2,Không đạt
L35,UPCOM,2026-09-14,2.6,2.605,2.584,51.02166158558058,0.0314854712605474,0.0381730184912753,200,350.0,False,True,True,False,False,2,Không đạt
HTV,HOSE,2026-09-11,12.55,12.64027,12.468165999999998,50.89991430847218,-0.0246618193825405,0.0544078098114489,500,6760.0,False,True,True,False,False,2,Không đạt
FCS,UPCOM,2026-09-16,6.4,6.45,6.19,50.82960429742453,-0.0304260718795665,-0.0297831069688161,100,775.0,False,True,True,False,False,2,Không đạt
HMG,UPCOM,2026-09-24,9.1,8.68,9.980826,50.72941201902102,-1.0919397230423344,-0.916747560665002,100,1670.0,True,False,True,False,False,2,Không đạt
BHP,UPCOM,2026-09-24,8.5,8.925,7.94,50.71582163531584,0.1007436028808186,0.2146767848609383,800,800.0,False,True,True,False,False,2,Không đạt
ATS,HNX,2026-09-07,23.4,24.46,20.69,50.69767604253762,0.8987873893227167,0.9967970276535132,100,235.0,False,True,True,False,False,2,Không đạt
DTI,UPCOM,2026-09-24,1.9,1.905,1.892,50.694214432534814,-0.00611852905512,-0.0027760021115485,500,5560.0,False,True,True,False,False,2,Không đạt
HAP,HOSE,2026-09-24,7.3,7.347499999999999,7.257,50.51354525871801,-0.0099631182151114,0.0109239941351715,3400,69965.0,False,True,True,False,False,2,Không đạt
PVE,UPCOM,2026-09-18,2.5,2.46,2.572,50.49940403319601,-0.0969329106205219,-0.0783389268549672,3500,10570.0,True,False,True,False,False,2,Không đạt
AST,HOSE,2026-09-24,63.7,63.84000000000001,63.52,50.38891535341324,-0.0860661200566426,0.047429889016827,2900,13775.0,False,True,True,False,False,2,Không đạt
DC2,HNX,2026-09-15,6.1,6.075,6.12239,50.21547719783233,-0.0373207234221348,-0.0302573182162092,400,845.0,True,False,True,False,False,2,Không đạt
NAW,UPCOM,2026-09-11,8.8,9.15,8.726908,50.176887310724055,-0.2119730742762726,-0.0716479060568958,100,10115.0,False,True,True,False,False,2,Không đạt
BIO,UPCOM,2026-09-18,12.9,13.044999999999998,12.605576,50.168362274339486,0.0517127825525509,0.1515676178484634,300,1055.0,False,True,True,False,False,2,Không đạt
ATG,UPCOM,2026-09-11,7.9,7.885000000000001,7.95,50.15584983297588,-0.0811671412774703,-0.0401266083616836,100,29910.0,True,False,True,False,False,2,Không đạt
UDL,UPCOM,2026-09-21,28.0,30.885905,25.088406,50.13312906037103,0.1093609954523628,1.0594188468260075,100,520.0,False,True,True,False,False,2,Không đạt
UPH,UPCOM,2026-09-24,5.2,5.085,5.738,50.12485744033025,-0.4375316908863089,-0.3933250669622974,100,245.0,True,False,True,False,False,2,Không đạt
PWA,UPCOM,2026-09-24,5.7,5.62,5.876,50.05370463496476,-0.1603449099562208,-0.1166173387696942,200,1765.0,True,False,True,False,False,2,Không đạt
MCF,HNX,2026-09-24,7.1,7.105,7.085999999999999,49.91459092150493,0.0060328118941406,0.0028525242401825,900,5140.0,False,True,False,True,False,2,Không đạt
LAS,HNX,2026-09-24,12.0,11.925,12.07,49.89663585299623,-0.0733367449449797,-0.1112693510827109,166300,178300.0,True,False,False,True,False,2,Không đạt
BQB,UPCOM,2026-09-24,3.7,3.665,3.738,49.87146448635588,0.0075400971762991,-0.0282533297810277,200,805.0,True,False,False,True,False,2,Không đạt
TSJ,UPCOM,2026-09-24,23.6,21.725225,27.126844,49.8506326564892,-0.9855309091597064,-1.765912085888565,100,440.0,True,False,False,True,False,2,Không đạt
MML,UPCOM,2026-09-24,27.4,27.495000000000005,27.798,49.82757549650605,-0.3924242901750787,-0.4469191210787037,193700,80145.0,False,False,False,True,True,2,Không đạt
GGG,UPCOM,2026-09-18,2.4,2.345,2.934,49.82368576643196,-0.2271065789623279,-0.2541296355103685,5800,14790.0,True,False,False,True,False,2,Không đạt
HU3,UPCOM,2026-09-21,2.8,2.785,2.838,49.773557299868976,-0.0285053147056779,-0.031836342875769,600,9210.0,True,False,False,True,False,2,Không đạt
GTA,HOSE,2026-09-24,7.85,7.626945000000001,8.006018000000001,49.75675534695907,0.0498304848423227,-0.0231743925178132,1300,1605.0,True,False,False,True,False,2,Không đạt
NHH,HOSE,2026-09-24,9.84,9.81,9.8134,49.67557495319329,0.0498246815061573,0.0169189846655612,24000,41990.0,True,False,False,True,False,2,Không đạt
TDM,HOSE,2026-09-23,59.0,58.845000000000006,59.170872,49.48968445764577,0.1307659910480652,0.1265710889127528,1000,7080.0,True,False,False,True,False,2,Không đạt
MCM,HOSE,2026-09-24,26.5,26.51,26.681000000000004,49.464774063112245,-0.0736991239325064,-0.0865576687436922,26900,17110.0,False,False,False,True,True,2,Không đạt
SDD,UPCOM,2026-09-18,1.3,1.3,1.2919999999999998,49.461587911001054,-0.0005894330734488,0.0002205176802178,46900,40180.0,False,True,False,False,True,2,Không đạt
TL4,UPCOM,2026-09-18,9.4,10.08,9.466,49.44463147955772,-0.3154826430052058,-0.1289032445998531,18300,11470.0,False,True,False,False,True,2,Không đạt
TIS,UPCOM,2026-09-24,4.2,4.225,4.174,49.43178126069725,0.010588573811642,0.0032055764666488,200,4030.0,False,True,False,True,False,2,Không đạt
PAP,UPCOM,2026-09-18,28.0,28.425,27.418000000000003,49.41048595508393,0.4134965210588746,0.4726532166724506,6000,1075.0,False,True,False,False,True,2,Không đạt
VNT,HNX,2026-09-24,34.7,33.77,34.122,49.35531478909588,1.3495118202766747,0.3814294788715688,100,6575.0,True,False,False,True,False,2,Không đạt
NBT,UPCOM,2026-09-23,13.8,13.670000000000002,14.20464,49.32104267819787,-0.1448859872046934,-0.1882643474456083,300,545.0,True,False,False,True,False,2,Không đạt
GMX,HNX,2026-09-24,16.2,16.311564999999998,15.710572,49.31298368057526,0.4498046877453063,0.3690521876426175,500,3845.0,False,True,False,True,False,2,Không đạt
TPP,HNX,2026-09-23,10.1,9.985,10.24,49.30802520250917,0.0025598369146351,-0.0674124697575094,200,2090.0,True,False,False,True,False,2,Không đạt
TIG,HNX,2026-09-24,5.8,5.8,5.888000000000001,49.26792969366801,-0.0484933409579477,-0.0513892137638016,1562400,750040.0,False,False,False,True,True,2,Không đạt
DQC,HOSE,2026-09-24,9.52,9.5575,9.4222,49.237293385343165,0.1054137604026781,0.0894102419914363,3300,6390.0,False,True,False,True,False,2,Không đạt
XPH,UPCOM,2026-09-24,14.0,13.94,14.822,49.16395367714132,-0.3271016580666881,-0.3468361908799157,500,1860.0,True,False,False,True,False,2,Không đạt
PMG,HOSE,2026-09-17,6.2,6.1625,6.2066,49.13046774197441,0.0290866008508734,0.0169983484033824,1100,2795.0,True,False,False,True,False,2,Không đạt
CST,HNX,2026-09-24,10.2,10.21,10.136,49.03007728807509,0.0110637626219141,-0.0033726911109453,1200,12885.0,False,True,False,True,False,2,Không đạt
CIG,HOSE,2026-09-24,7.08,7.133999999999999,7.1314,48.96678713930422,-0.0102885774992156,0.0280945252379554,123400,48295.0,False,True,False,False,True,2,Không đạt
PSE,HNX,2026-09-24,10.7,10.71,10.722,48.93621249760943,0.0355630515417875,0.0240359199280418,2000,620.0,False,False,False,True,True,2,Không đạt
BTT,HOSE,2026-09-24,40.0,40.285,40.179224,48.91330601499241,1.002288635912059,0.885955145746936,100,720.0,False,True,False,True,False,2,Không đạt
TNP,UPCOM,2026-09-23,19.6,19.400755,20.841354000000003,48.891147984049056,0.4641354925052354,0.0525577377606108,100,390.0,True,False,False,True,False,2,Không đạt
PJC,HNX,2026-09-24,31.9,31.72,33.343466,48.86111375941011,-0.4532158247108775,-0.5446378118716528,200,1670.0,True,False,False,True,False,2,Không đạt
SB1,UPCOM,2026-09-24,6.7,6.76729,6.70802,48.82880586498605,-0.0164683289520324,0.0031999212107843,9000,1500.0,False,True,False,False,True,2,Không đạt
PGI,HOSE,2026-09-24,22.0,22.64,20.95,48.66554872412787,0.1251777917410379,0.3553359119934711,1100,790.0,False,True,False,False,True,2,Không đạt
PBT,UPCOM,2026-09-03,12.7,12.955000000000002,14.28,48.66412210831236,-0.5694369317880099,-0.6127747649233993,900,570.0,False,False,False,True,True,2,Không đạt
CMS,HNX,2026-09-24,5.6,5.54,5.867999999999999,48.4358323927736,-0.1150819577113511,-0.1623689503260071,9900,22215.0,True,False,False,True,False,2,Không đạt
M10,UPCOM,2026-09-23,20.0,19.95,20.44,48.435218481341096,-0.0828866302536575,-0.1586870361364595,200,6085.0,True,False,False,True,False,2,Không đạt
ABI,UPCOM,2026-09-24,18.9,19.01,18.864,48.27724512612952,-0.0038340352318897,0.009327990695484,11100,7655.0,False,True,False,False,True,2,Không đạt
VIB,HOSE,2026-09-24,13.45,13.521595,13.474938000000002,48.23342902782968,-0.0174432199982135,-0.0188627576271234,2840700,4906010.0,False,True,False,True,False,2,Không đạt
ND2,UPCOM,2026-09-24,32.5,33.459555,32.9647,48.18764710250653,-0.0305310788110801,0.0756119103805968,4400,2240.0,False,True,False,False,True,2,Không đạt
TT6,UPCOM,2026-09-24,11.5,12.095,11.54,48.18407404669632,0.0965116268087271,0.2487549827957473,2400,1640.0,False,True,False,False,True,2,Không đạt
HLD,HNX,2026-09-24,13.3,13.298520000000002,13.328032,48.10565282469387,-0.0190586281541058,-0.0351609398708785,100,9025.0,True,False,False,True,False,2,Không đạt
HMH,HNX,2026-09-24,16.8,17.49,17.206834,48.10381043471428,-0.1746968732527953,-0.2323178059645677,600,1005.0,False,True,False,True,False,2,Không đạt
USD,UPCOM,2026-09-24,16.6,16.660000000000004,16.678,48.10040001441212,0.0412979390875207,0.028491252961423,1000,880.0,False,False,False,True,True,2,Không đạt
CNG,HOSE,2026-09-24,21.7,21.9925,21.224,48.011763071999454,0.1454089139828802,0.2283038450395453,9500,2580.0,False,True,False,False,True,2,Không đạt
APP,UPCOM,2026-09-24,4.0,4.025,4.072,47.96725041451087,-0.0356408740104718,-0.0366671774513346,2300,940.0,False,False,False,True,True,2,Không đạt
SZG,UPCOM,2026-09-15,33.0,34.1803,34.11464,47.796543009534375,-0.4044212526754549,-0.1953091571336143,2100,630.0,False,True,False,False,True,2,Không đạt
SBD,UPCOM,2026-09-24,7.0,7.214999999999999,7.169154,47.78430742070272,-0.0066678903079706,0.0111377784685879,6600,2610.0,False,True,False,False,True,2,Không đạt
CSI,UPCOM,2026-09-24,15.3,15.295000000000002,16.044,47.75001382992394,-0.2441010231577163,-0.2919395348981346,100,8915.0,True,False,False,True,False,2,Không đạt
VTK,UPCOM,2026-09-24,36.9,36.935,37.92809,47.72730477004704,-0.4512407806771179,-0.4622173302169096,37400,4180.0,False,False,False,True,True,2,Không đạt
PGC,HOSE,2026-09-24,13.55,13.9975,13.105,47.616851711546,0.2502168775880857,0.3489213729563075,86600,83860.0,False,True,False,False,True,2,Không đạt
TTS,UPCOM,2026-09-23,6.0,5.94,6.936,47.61333652471778,-0.3594799852724843,-0.4248338032872852,200,335.0,True,False,False,True,False,2,Không đạt
TKU,HNX,2026-09-23,11.1,11.61,11.707598,47.60000108810799,-0.0953697390100689,-0.1030569906788353,1900,1425.0,False,False,False,True,True,2,Không đạt
SCG,HNX,2026-09-24,64.5,64.91999999999999,64.08800000000001,47.58442124921105,0.0313384923988593,0.1099102144628004,27300,25090.0,False,True,False,False,True,2,Không đạt
SGC,HNX,2026-09-23,105.0,106.122125,105.408248,47.545230650365504,1.1023128501138046,0.7801467398625411,200,1430.0,False,True,False,True,False,2,Không đạt
MDC,HNX,2026-09-24,8.2,8.379999999999999,8.353928,47.48762402027659,-0.0679264399937782,-0.0333389149717723,2300,1330.0,False,True,False,False,True,2,Không đạt
TV6,UPCOM,2026-09-21,6.9,7.315,8.21,47.43951716972165,-0.5649906666891944,-0.5983092559087589,400,240.0,False,False,False,True,True,2,Không đạt
DNC,HNX,2026-09-21,49.0,48.7065,52.03624,47.37036352872029,-0.6843612583672325,-0.9890158857024434,100,760.0,True,False,False,True,False,2,Không đạt
VST,UPCOM,2026-09-18,2.9,2.9,3.044,47.35878130531361,-0.0547979502115221,-0.069802971736245,43500,17435.0,False,False,False,True,True,2,Không đạt
DFC,UPCOM,2026-09-24,28.4,28.5,28.817616,47.31703092513717,-0.0711100772990214,-0.0991451611158545,6200,1065.0,False,False,False,True,True,2,Không đạt
DBT,HOSE,2026-09-24,13.0,13.125,12.995,47.26378303659054,0.0503683360705373,0.0467260259403433,6000,6530.0,False,True,False,True,False,2,Không đạt
GEX,HOSE,2026-09-24,24.1,24.6175,24.262000000000004,47.22073791278975,-0.3373606728792993,-0.3538490439086428,5103700,8891485.0,False,True,False,True,False,2,Không đạt
VEC,UPCOM,2026-09-24,29.5,30.35,29.126,47.05695967938706,0.3354566578556017,0.5106781922537482,13000,5440.0,False,True,False,False,True,2,Không đạt
CNT,UPCOM,2026-09-24,5.0,4.955,5.3660000000000005,47.053671170203664,-0.1076006160008775,-0.1382070353472275,1300,2490.0,True,False,False,True,False,2,Không đạt
KVC,UPCOM,2026-09-24,1.0,1.045,1.042,46.958624020874026,-0.0041892053261121,-0.0056288711631208,60200,142130.0,False,True,False,True,False,2,Không đạt
HHG,UPCOM,2026-09-24,0.7,0.73,0.758,46.86951325705552,-0.008943854750793,-0.014030112784516,166700,104240.0,False,False,False,True,True,2,Không đạt
PXS,UPCOM,2026-09-18,2.5,2.465,2.8080000000000003,46.83900636252936,-0.1284301978262063,-0.1535105040558553,73600,92905.0,True,False,False,True,False,2,Không đạt
SWC,UPCOM,2026-09-23,23.6,23.68,23.91,46.74249254311695,-0.110116607831241,-0.1112734129465895,12700,2665.0,False,False,False,True,True,2,Không đạt
HPO,UPCOM,2026-09-17,15.0,15.2166,,46.5386175947984,-0.1170728011616155,-0.143373553470046,2100,1520.0,False,False,False,True,True,2,Không đạt
HPX,HOSE,2026-09-24,4.09,4.101,4.1754,46.53535940994257,-0.0220831967970918,-0.0342768324183367,1285400,736895.0,False,False,False,True,True,2,Không đạt
MTA,UPCOM,2026-09-24,10.1,10.148549999999998,10.507638,46.440883246196464,-0.0492587946147295,-0.1174744453302915,5300,4305.0,False,False,False,True,True,2,Không đạt
DXS,HOSE,2026-09-24,5.63,5.696,5.9064,46.38969308265695,-0.1343261821406542,-0.1563694981034756,2402100,2027290.0,False,False,False,True,True,2,Không đạt
PHR,HOSE,2026-09-24,32.0,32.542175,32.212166,46.37565807910616,-0.2794045743208428,-0.1842358334842049,456200,454065.0,False,True,False,False,True,2,Không đạt
VTD,UPCOM,2026-09-24,4.4,4.45,4.65,46.344440910519126,-0.0979516095428501,-0.1043755386475313,818000,263095.0,False,False,False,True,True,2,Không đạt
SSC,HOSE,2026-09-23,22.6,21.6875,25.347744,46.293398143466106,-0.8699692603301941,-1.2038403392286048,200,355.0,True,False,False,True,False,2,Không đạt
ILC,UPCOM,2026-09-24,5.7,6.34,6.263999999999999,46.26365630950533,-0.0766333585117085,-0.0409568607032748,500,275.0,False,True,False,False,True,2,Không đạt
HCD,HOSE,2026-09-24,6.24,6.289499999999999,6.288200000000001,46.11003343468421,0.0005769774066024,-0.0022484650075332,11000,40105.0,False,True,False,True,False,2,Không đạt
ICF,UPCOM,2026-09-24,1.6,1.61,1.816,46.10759827619787,-0.1050069154054482,-0.1227311952872674,2100,1815.0,False,False,False,True,True,2,Không đạt
STG,HOSE,2026-09-24,31.25,33.05,32.996,45.97104468536365,-0.671738401735503,-0.3073618509640507,2000,980.0,False,True,False,False,True,2,Không đạt
BTU,UPCOM,2026-09-21,14.5,14.964670000000002,14.733348,45.89702345500864,0.0177875376573339,0.0810290309412378,2000,1260.0,False,True,False,False,True,2,Không đạt
KSD,HNX,2026-09-24,5.4,5.790000000000001,5.192,45.86870111670623,0.0423106754904196,0.1388200399333473,2500,1680.0,False,True,False,False,True,2,Không đạt
MCO,HNX,2026-09-24,4.7,4.79,4.914,45.74869155042351,-0.0332901919517407,-0.0505678295810143,10900,4530.0,False,False,False,True,True,2,Không đạt
HWS,UPCOM,2026-09-24,14.4,14.595,14.56576,45.68250594910913,-0.0175549886724475,0.002365306588467,5400,3225.0,False,True,False,False,True,2,Không đạt
LAI,UPCOM,2026-09-23,7.9,8.01,8.304242,45.66110624028034,-0.1066249806909755,-0.1206735620661808,15700,4045.0,False,False,False,True,True,2,Không đạt
MH3,UPCOM,2026-09-24,25.2,26.325,27.23,45.64165307939216,-0.4695361293050659,-0.4783741478778023,4600,1815.0,False,False,False,True,True,2,Không đạt
SGP,UPCOM,2026-09-24,19.9,20.08,20.306,45.59448000356737,-0.1758881475012899,-0.1838943521180827,31800,31465.0,False,False,False,True,True,2,Không đạt
VTB,HOSE,2026-09-24,12.8,13.080000000000002,12.845,45.56987500356178,0.0552108936667359,0.0986549832760909,9300,2395.0,False,True,False,False,True,2,Không đạt
SEB,HNX,2026-09-24,40.2,41.479725,40.864394,45.5607541443099,0.258855054864199,0.3638942323849488,2100,580.0,False,True,False,False,True,2,Không đạt
PTM,UPCOM,2026-09-18,10.0,10.65241,11.411686,45.432271039120856,-0.0785601906197097,-0.1227100650830923,8800,1050.0,False,False,False,True,True,2,Không đạt
DAE,HNX,2026-09-17,13.5,14.605105,13.668348000000002,45.37034030333772,-0.015667399584009,0.1679677207285716,3500,565.0,False,True,False,False,True,2,Không đạt
DHN,UPCOM,2026-09-23,16.5,16.59404,19.795684,45.35488209287868,-1.1444651173390454,-1.3196185196981154,1700,1330.0,False,False,False,True,True,2,Không đạt
TCT,HOSE,2026-09-23,17.7,17.732499999999998,17.982,44.98092180471015,-0.0590931987225573,-0.0900137300078626,1100,670.0,False,False,False,True,True,2,Không đạt
BTW,HNX,2026-09-24,65.0,69.87715,66.466956,44.92051417743993,2.8149931820204728,3.8747754654259454,3300,940.0,False,True,False,False,True,2,Không đạt
VLW,UPCOM,2026-09-23,27.9,28.553115,32.350348,44.88455636121444,-1.0184840622668467,-1.1695724078769816,1500,595.0,False,False,False,True,True,2,Không đạt
L40,HNX,2026-09-24,21.3,21.375,22.374,44.781097052012186,-0.4351662940869332,-0.5765073870146116,46800,28700.0,False,False,False,True,True,2,Không đạt
DC1,UPCOM,2026-09-24,5.2,5.405,5.621999999999999,44.73063342481371,-0.1446142711088089,-0.1453549165199348,2200,1510.0,False,False,False,True,True,2,Không đạt
VDT,UPCOM,2026-09-16,8.0,7.874999999999998,10.28471,44.71901625384841,-0.1481535497611155,-0.3601337558173569,200,270.0,True,False,False,True,False,2,Không đạt
SRA,HNX,2026-09-18,1.8,1.7400000000000002,2.186,44.672797614109925,-0.1178825840564372,-0.1588634071800615,91700,229930.0,True,False,False,True,False,2,Không đạt
BCE,HOSE,2026-09-24,5.57,5.557,5.641800000000001,44.66035313729788,-0.0785373871305319,-0.1082563152844882,9700,29305.0,True,False,False,True,False,2,Không đạt
PSC,HNX,2026-09-23,9.9,10.524495,10.45516,44.65464191733818,-0.3364967973451733,-0.1960576580445182,1600,1340.0,False,True,False,False,True,2,Không đạt
VCP,UPCOM,2026-09-24,23.2,23.46,23.44,44.600666237500775,-0.0372301742223584,-0.0157126151084354,11000,9350.0,False,True,False,False,True,2,Không đạt
DPG,HOSE,2026-09-24,27.9,28.1575,28.934,44.44178240513158,-0.6987392209008547,-0.7877130455537493,324500,313170.0,False,False,False,True,True,2,Không đạt
NHT,HOSE,2026-09-23,11.2,11.3525,11.471000000000002,44.438940362182,-0.0533087008238979,-0.0649680887731966,2400,2355.0,False,False,False,True,True,2,Không đạt
RTB,UPCOM,2026-09-24,23.9,25.585,24.761550000000003,44.403223441913646,0.0421662039809476,0.2933087876273801,5300,2840.0,False,True,False,False,True,2,Không đạt
KMR,HOSE,2026-09-24,2.26,2.2805,2.3216,44.33773552807634,-0.0243101265402061,-0.026056896260158,163200,21560.0,False,False,False,True,True,2,Không đạt
PVC,HNX,2026-09-24,12.1,12.425,12.281999999999998,44.29368790825459,0.0878218797782697,0.0911240059904041,772800,750495.0,False,True,False,False,True,2,Không đạt
PSL,UPCOM,2026-09-24,5.9,5.92,6.882000000000001,44.223870106774186,-0.2532406033959864,-0.3499398506451704,16900,8120.0,False,False,False,True,True,2,Không đạt
KSF,HNX,2026-09-24,78.0,79.25999999999999,78.926,44.20806870573327,-0.2430351070175476,-0.0602055299980227,139500,133475.0,False,True,False,False,True,2,Không đạt
CNC,UPCOM,2026-09-23,28.1,28.955,29.974,44.072485426822894,-0.1932270388045012,-0.314171309845599,4100,1390.0,False,False,False,True,True,2,Không đạt
OIL,UPCOM,2026-09-24,13.4,13.87835,13.448584,43.91183230674875,0.205838621722405,0.2534704041788151,5170900,2823645.0,False,True,False,False,True,2,Không đạt
KGM,UPCOM,2026-09-24,5.3,5.4,5.321999999999999,43.90156276575767,0.0180986970640528,0.0300683851656299,8600,3450.0,False,True,False,False,True,2,Không đạt
TBC,HOSE,2026-09-23,31.6,32.125,32.049,43.877436701096,-0.0961637746281844,-0.0661519208954445,2200,1590.0,False,True,False,False,True,2,Không đạt
SMN,HNX,2026-09-24,6.3,6.404999999999999,6.691999999999999,43.23840430020034,-0.1098364275576813,-0.1286648618656524,3100,1650.0,False,False,False,True,True,2,Không đạt
NDP,UPCOM,2026-09-07,19.8,23.09444,21.895356000000003,43.20020448112818,0.0436165985510044,0.3711641951062704,222600,36800.0,False,True,False,False,True,2,Không đạt
EBS,HNX,2026-09-18,9.8,10.05,10.636,43.098352298684325,-0.1220716243375079,-0.1782062594665969,1000,895.0,False,False,False,True,True,2,Không đạt
HDC,HOSE,2026-09-24,11.5,11.6925,11.914,43.08064215600452,-0.164696882434173,-0.2119613840176766,926900,884085.0,False,False,False,True,True,2,Không đạt
PFL,UPCOM,2026-09-24,1.5,1.5650000000000002,1.6160000000000003,42.9569554619148,-0.0258255621270429,-0.0266684630261661,49800,22385.0,False,False,False,True,True,2,Không đạt
DSE,HOSE,2026-09-24,22.0,22.4025,22.332,42.9087141245458,-0.0932241320130984,-0.0653492822164585,547000,511775.0,False,True,False,False,True,2,Không đạt
HU1,HOSE,2026-09-22,4.86,5.215,5.5886000000000005,42.88241868388551,-0.0703355453738989,-0.0853938662433229,1500,530.0,False,False,False,True,True,2,Không đạt
SGT,HOSE,2026-09-24,8.8,9.097,9.6928,42.785977121395135,-0.2572457364300557,-0.3109309231640336,29900,15065.0,False,False,False,True,True,2,Không đạt
UXC,UPCOM,2026-09-11,1.2,1.385,,42.78248763416841,-0.8007117626105047,-0.9468271959224258,2500,1630.0,False,False,False,True,True,2,Không đạt
HT1,HOSE,2026-09-24,11.8,12.030135,12.201352000000002,42.56977970519934,-0.094958058780513,-0.1405058504256359,1240800,254370.0,False,False,False,True,True,2,Không đạt
HNP,UPCOM,2026-09-16,13.0,18.8,16.463852,42.44571969080335,0.0130836972601251,1.2491235445389894,200,145.0,False,True,False,False,True,2,Không đạt
PTI,HNX,2026-09-24,18.7,19.71,21.79,42.31939620990594,-0.7929070372785851,-0.8647326026740854,2800,1800.0,False,False,False,True,True,2,Không đạt
VGT,UPCOM,2026-09-24,10.8,11.14,11.032344,42.280579712616266,-0.0914222558420227,-0.0657551040278226,277900,265160.0,False,True,False,False,True,2,Không đạt
PVD,HOSE,2026-09-24,18.35,19.0575,18.754,42.27777031558219,0.0677372863384668,0.1221683974020184,6640000,5948015.0,False,True,False,False,True,2,Không đạt
TDP,HOSE,2026-09-24,27.5,29.42317,27.583064000000004,42.26236547607128,0.091442026965165,0.5904143404937994,432000,262390.0,False,True,False,False,True,2,Không đạt
ABS,HOSE,2026-09-24,2.88,2.8995,3.0334,42.1504306719668,-0.0402347334398505,-0.0463247813966333,199400,158995.0,False,False,False,True,True,2,Không đạt
QHW,UPCOM,2026-09-22,33.5,35.645,35.554,41.94461160494834,-0.6097862795928819,-0.3168637052360794,3700,1595.0,False,True,False,False,True,2,Không đạt
PLX,HOSE,2026-09-24,35.0,36.395,35.317286,41.77177964622752,0.1387439783395763,0.2860043207058132,6781000,5453095.0,False,True,False,False,True,2,Không đạt
BGE,UPCOM,2026-09-18,3.0,3.015,3.824,41.73783193315392,-0.2722449464584535,-0.321768474346583,1750600,569415.0,False,False,False,True,True,2,Không đạt
SPM,HOSE,2026-09-22,8.6,9.623,9.3306,41.68368862436919,-0.264230034100029,-0.0823524619405362,5700,2305.0,False,True,False,False,True,2,Không đạt
VAB,HOSE,2026-09-24,9.0,9.11,9.136458,41.46354358182528,-0.0266505001036811,-0.0354090387529493,539400,467100.0,False,False,False,True,True,2,Không đạt
FIC,UPCOM,2026-09-24,14.9,16.02,15.778,41.23324613437239,-0.1930717627111224,-0.098021715054495,7700,4605.0,False,True,False,False,True,2,Không đạt
DL1,HNX,2026-09-24,4.1,4.205,4.384,41.17302759301446,-0.098515887423054,-0.1081317568636127,187900,160995.0,False,False,False,True,True,2,Không đạt
NAG,HNX,2026-09-24,6.4,6.744999999999999,6.72956,40.94890419041504,-0.1187440086887692,-0.066353599081025,305700,117070.0,False,True,False,False,True,2,Không đạt
AGP,UPCOM,2026-09-24,27.3,28.529999999999998,30.33,40.90987436335279,-0.5123261002076553,-0.6558225736370504,18800,8730.0,False,False,False,True,True,2,Không đạt
SAS,UPCOM,2026-09-24,33.0,33.730000000000004,33.55006,40.7733570064014,-0.1982325243837266,-0.1070950672690559,28900,14370.0,False,True,False,False,True,2,Không đạt
SFC,HOSE,2026-09-16,16.0,16.745,17.847,40.73373477228564,-0.4281859348663239,-0.4552058621671761,700,445.0,False,False,False,True,True,2,Không đạt
PVB,HNX,2026-09-24,21.3,21.95,21.74,40.6680699096574,0.020264080727685,0.0507026281381142,146300,104820.0,False,True,False,False,True,2,Không đạt
TTD,UPCOM,2026-09-24,80.8,94.080265,86.83270200000001,40.30734619036785,0.0032987032019349,1.62706747528458,1100,780.0,False,True,False,False,True,2,Không đạt
S55,HNX,2026-09-24,54.5,61.795,60.542936,40.29346468952155,-1.0024468388297123,0.0879772015557089,3600,715.0,False,True,False,False,True,2,Không đạt
ONE,HNX,2026-09-24,8.9,9.205000000000002,10.322,40.167632910254746,-0.3691837093102759,-0.407455408859417,2400,1110.0,False,False,False,True,True,2,Không đạt
HVA,UPCOM,2026-09-18,2.9,3.19,4.574000000000001,39.66753959121357,-0.8564149418688269,-0.9492959233563196,88100,53730.0,False,False,False,True,True,2,Không đạt
THS,HNX,2026-08-25,9.2,11.764745,10.756584,39.60524232232379,-0.7770028791475649,-0.4044713308363377,600,590.0,False,True,False,False,True,2,Không đạt
RIC,UPCOM,2026-09-24,5.5,6.4,7.566,39.40675975085411,-0.5026559219520026,-0.5232035967648948,2400,1130.0,False,False,False,True,True,2,Không đạt
VNE,UPCOM,2026-09-24,2.0,2.115,,39.36639008124495,-0.0598560738423143,-0.0733330081796396,468300,327655.0,False,False,False,True,True,2,Không đạt
TN1,HOSE,2026-09-24,12.0,12.64227,12.610452,39.01186363598304,-0.0632692664300016,-0.0293059795310508,20300,2420.0,False,True,False,False,True,2,Không đạt
HOT,UPCOM,2026-09-18,15.4,20.79,18.656,38.970054434044044,0.3133755067445989,0.921906612347416,400,330.0,False,True,False,False,True,2,Không đạt
CSC,HNX,2026-09-24,8.8,9.155,9.988,38.891517170014765,-0.4663299899950992,-0.4756425964484554,44400,26645.0,False,False,False,True,True,2,Không đạt
NTL,HOSE,2026-09-24,12.25,12.5125,13.323,38.55828134686736,-0.2167272706135783,-0.2745351607647163,708200,554380.0,False,False,False,True,True,2,Không đạt
THT,HNX,2026-09-24,6.9,7.075,7.268,38.17289733379255,-0.0814671006736045,-0.0844320322037581,15900,8870.0,False,False,False,True,True,2,Không đạt
LLM,UPCOM,2026-09-24,28.0,32.434999999999995,29.488000000000003,38.129210405365285,-0.559538231890766,0.1855376028902295,21300,18165.0,False,True,False,False,True,2,Không đạt
ANT,HOSE,2026-09-24,17.95,18.18,20.571,37.90182132599683,-0.7360916707611871,-0.8729651410736116,78400,20795.0,False,False,False,True,True,2,Không đạt
LPT,UPCOM,2026-09-24,6.2,6.72705,6.670286,37.09430289701636,-0.0480388611622064,0.0111670834927537,11000,5130.0,False,True,False,False,True,2,Không đạt
CET,HNX,2026-09-18,3.9,4.69,8.008,37.09062434550866,-1.297668780308035,-1.3859324437709757,84500,54020.0,False,False,False,True,True,2,Không đạt
FCN,HOSE,2026-09-24,10.75,11.1625,11.063,36.79136091446957,-0.099737233922303,-0.0584529322379532,808000,557310.0,False,True,False,False,True,2,Không đạt
GTD,UPCOM,2026-09-11,90.0,151.925,122.64,36.521354056313925,-5.239246597046957,6.194510546276189,7300,2060.0,False,True,False,False,True,2,Không đạt
HHS,HOSE,2026-09-24,9.64,10.3505,10.1636,36.349861904571725,-0.168282449789821,-0.0861428048048127,1199400,1005940.0,False,True,False,False,True,2,Không đạt
HTI,HOSE,2026-09-24,18.2,18.585,18.548,36.31758839908534,-0.0731085561601503,-0.0594809688626794,36400,12115.0,False,True,False,False,True,2,Không đạt
SZL,HOSE,2026-09-24,27.25,28.543285,27.695398,35.88121857179232,-0.1234579368300394,0.0938526977389586,46700,39605.0,False,True,False,False,True,2,Không đạt
BSA,UPCOM,2026-09-23,19.5,20.03,19.998,35.755939558113454,-0.0413613881920156,0.0070285819385717,5000,2885.0,False,True,False,False,True,2,Không đạt
DFF,UPCOM,2026-09-18,0.4,0.475,0.632,35.549258087921515,-0.0676370901246392,-0.0696698709814079,1432700,612380.0,False,False,False,True,True,2,Không đạt
PVI,HNX,2026-09-24,63.8,65.42999999999999,65.28007,34.92930958177173,-0.4723891603015602,-0.2709976172303243,22600,15730.0,False,True,False,False,True,2,Không đạt
PAN,HOSE,2026-09-24,18.45,18.832500000000003,19.938,34.71949470603009,-0.4756998432272858,-0.5355128291035588,431100,430620.0,False,False,False,True,True,2,Không đạt
HBD,UPCOM,2026-09-10,15.7,22.125,19.133578,34.085204338924115,-0.2950651772144184,0.9517683864408748,500,400.0,False,True,False,False,True,2,Không đạt
TMP,HOSE,2026-09-24,49.0,52.46,49.61696800000001,34.05915057638957,0.2744273427767609,0.9116993771899902,1500,1410.0,False,True,False,False,True,2,Không đạt
CLX,UPCOM,2026-09-24,12.8,12.93,13.108918,34.021140294779585,-0.0888238829570351,-0.0929676181362494,51700,25605.0,False,False,False,True,True,2,Không đạt
SHI,HOSE,2026-09-24,13.85,14.34,14.165,33.888907348595325,0.0465102749820047,0.0917525067226883,463600,248325.0,False,True,False,False,True,2,Không đạt
QCG,HOSE,2026-09-24,9.79,10.488,10.348,33.0313192382456,-0.1924240404630914,-0.1241566749768626,123400,105020.0,False,True,False,False,True,2,Không đạt
VHM,HOSE,2026-09-24,65.4,71.77,71.033,31.98146226845526,-1.1013777715229622,-0.3866114440640885,18260100,9999200.0,False,True,False,False,True,2,Không đạt
PNJ,HOSE,2026-09-24,33.3,38.225,37.252,31.5864899896128,-1.1863288550151552,-0.851085950376999,8176500,5683835.0,False,True,False,False,True,2,Không đạt
DXG,HOSE,2026-09-24,10.15,11.165,11.1044,31.35294308327869,-0.2606139296406589,-0.1669493283994265,13581500,10334745.0,False,True,False,False,True,2,Không đạt
FIT,HOSE,2026-09-24,2.85,2.9855,3.0802,31.197533524317265,-0.0500897092205829,-0.0547919769342087,287500,236035.0,False,False,False,True,True,2,Không đạt
ACC,HOSE,2026-09-24,4.27,4.4705,5.0034,30.156009324805723,-0.2761952288157481,-0.3469440192578274,313000,275555.0,False,False,False,True,True,2,Không đạt
OPC,HOSE,2026-09-24,20.0,20.2825,20.882,29.79762326556566,-0.3332446117801808,-0.3672093543482512,12700,4405.0,False,False,False,True,True,2,Không đạt
TAR,UPCOM,2026-09-18,2.3,2.74,3.61,29.753326924723797,-0.3340996855097704,-0.3523732616887867,107400,103100.0,False,False,False,True,True,2,Không đạt
SEA,UPCOM,2026-09-24,52.1,68.908525,59.512946,29.17302168610024,-0.028170123593469,2.707720205571734,49200,22435.0,False,True,False,False,True,2,Không đạt
HBS,HNX,2026-08-28,3.7,4.18,5.0680000000000005,27.418544526822046,-0.2547769060717755,-0.2785284707451123,126700,23220.0,False,False,False,True,True,2,Không đạt
CRC,HOSE,2026-09-24,5.14,5.2155,5.4812,25.649076357610653,-0.093151944666868,-0.1079209986237376,317500,193485.0,False,False,False,True,True,2,Không đạt
GKM,HNX,2026-08-28,1.1,1.37,2.026,23.790251284764395,-0.2331254720597659,-0.2646531080845227,283100,275630.0,False,False,False,True,True,2,Không đạt
DVM,HNX,2026-09-24,4.3,4.694999999999999,5.102,20.71149269491956,-0.2012750007075041,-0.2043442711315617,112500,101115.0,False,False,False,True,True,2,Không đạt
VAF,UPCOM,2026-09-15,27.0,,,83.59124899597408,0.9234486424929678,0.2348462775639131,100,,False,False,False,True,False,1,Không đạt
ANI,UPCOM,2026-09-03,47.0,,,67.19209307321862,5.472867258658674,6.529141742393255,100,,False,False,True,False,False,1,Không đạt
PPS,HNX,2026-09-23,10.4,10.45,10.354,49.965516899294805,0.0469595031814247,0.0563701695548972,100,2800.0,False,True,False,False,False,1,Không đạt
BBM,UPCOM,2026-08-26,8.1,8.41399,7.612266,49.92052321719115,0.127600085494473,0.2431104523906779,100,685.0,False,True,False,False,False,1,Không đạt
LAF,HOSE,2026-09-24,19.4,19.3975,20.042,49.90426873428064,-0.1961024086526883,-0.1594658795028856,200,4275.0,True,False,False,False,False,1,Không đạt
SMT,HNX,2026-09-23,9.9,9.705,10.376,49.80351173358814,-0.3091751497741573,-0.3006757450894257,100,685.0,True,False,False,False,False,1,Không đạt
VTV,HNX,2026-09-24,14.1,14.220000000000002,13.868000000000002,49.68960513256835,0.0273575090421491,0.0813532301299933,6000,17290.0,False,True,False,False,False,1,Không đạt
HC3,UPCOM,2026-09-16,25.0,25.068525,24.997794,49.67544090184048,0.0167160143512816,0.0373599269175354,1000,1875.0,False,True,False,False,False,1,Không đạt
THB,HNX,2026-09-24,9.1,9.105,9.11,49.63958251047441,-0.0565217563287774,-0.0616046923408854,200,785.0,False,False,False,True,False,1,Không đạt
BMF,UPCOM,2026-09-24,7.5,7.495,7.61,49.61245507694824,-0.037875124005251,-0.0330761515274443,100,495.0,True,False,False,False,False,1,Không đạt
AGM,UPCOM,2026-09-18,2.1,2.14,2.422,49.5359193807174,-0.1230228537238296,-0.133206364367083,102300,130850.0,False,False,False,True,False,1,Không đạt
HIO,UPCOM,2026-09-24,7.3,7.380000000000001,7.354,49.41502566667565,-0.0576246682521635,-0.01882069531759,1600,1960.0,False,True,False,False,False,1,Không đạt
QPH,UPCOM,2026-09-22,34.0,34.27,33.986,49.385466335078725,-0.1298605144346751,0.0062039913174611,400,2585.0,False,True,False,False,False,1,Không đạt
NBW,HNX,2026-09-23,31.9,31.89364,32.085076,49.28929293124271,0.0823197582266104,0.1682340851780993,200,495.0,True,False,False,False,False,1,Không đạt
SBV,HOSE,2026-09-24,6.2,6.2225,6.223400000000001,49.27320420303282,0.0082500712869508,-0.0008827635198204,300,1370.0,False,False,False,True,False,1,Không đạt
FPT,HOSE,2026-09-24,65.3,66.075075,63.64495,49.18437577124121,0.5356388153421392,0.7145041687857826,4350900,6436615.0,False,True,False,False,False,1,Không đạt
NBP,HNX,2026-09-18,7.3,7.3,7.44,49.11916032533625,-0.0357078218311759,-0.0485027883741129,200,1650.0,False,False,False,True,False,1,Không đạt
THU,UPCOM,2026-09-11,11.0,11.46066,9.896618,49.08147274288606,0.4838438012275095,0.6025918788135507,700,1565.0,False,True,False,False,False,1,Không đạt
DNP,HNX,2026-09-23,20.0,20.405,19.796000000000003,49.04796565676519,0.1376263101083736,0.1962414241124603,600,3365.0,False,True,False,False,False,1,Không đạt
MGR,UPCOM,2026-08-26,5.3,5.725,4.942,48.96904761466752,0.089622351863241,0.2214709658086843,100,5955.0,False,True,False,False,False,1,Không đạt
BLF,UPCOM,2026-09-24,2.6,2.625,2.6460000000000004,48.96346282529885,-0.0163328742259349,-0.007720653296077,2100,1950.0,False,False,False,False,True,1,Không đạt
LEC,UPCOM,2026-09-15,4.5,4.5600000000000005,4.64,48.95129294758018,-0.0456704276637038,-0.0505288885462692,100,1275.0,False,False,False,True,False,1,Không đạt
SHA,HOSE,2026-09-23,3.9,3.9045,3.909,48.82531652280933,-0.0023389623957235,-0.0070372111563838,2900,3470.0,False,False,False,True,False,1,Không đạt
VNM,HOSE,2026-09-24,60.6,61.02,60.54,48.805331746946734,-0.1235112448244422,-0.0351887896161394,1384600,2518160.0,False,True,False,False,False,1,Không đạt
PJT,HOSE,2026-09-22,8.75,8.8595,8.773258,48.77202102396555,0.0814448667456311,0.0870511875588763,200,460.0,False,True,False,False,False,1,Không đạt
V12,HNX,2026-09-17,10.5,10.7,10.94,48.740325749152,-0.0123179716873735,-0.0342007968881061,100,1615.0,False,False,False,True,False,1,Không đạt
VC6,HNX,2026-09-24,18.9,19.595,19.18286,48.7027758566132,-0.2763597242393842,-0.1270505040924134,400,1640.0,False,True,False,False,False,1,Không đạt
V21,HNX,2026-09-23,5.8,5.855,5.854,48.68663218266924,-0.0024788692604902,0.0028110660714964,400,2680.0,False,True,False,False,False,1,Không đạt
VIT,HNX,2026-09-23,25.2,25.255,25.580548000000004,48.63779593363101,0.4736231273510398,0.4197806998490339,300,22250.0,False,False,False,True,False,1,Không đạt
GDH,UPCOM,2026-09-24,9.0,9.295,8.687999999999999,48.600596417315096,0.1364679513207694,0.1538839814515931,1000,2310.0,False,True,False,False,False,1,Không đạt
VHG,UPCOM,2026-09-24,1.6,1.61,1.6060000000000003,48.534616363941645,-0.005993506265278,-0.0058109366567394,42600,73370.0,False,True,False,False,False,1,Không đạt
NTF,UPCOM,2026-09-07,12.0,11.925,12.204,48.53137447616336,-0.2701418620421218,-0.2293479069757687,100,210.0,True,False,False,False,False,1,Không đạt
VDN,UPCOM,2026-09-24,34.5,37.875525,28.17783,48.4148731797098,4.579983918976566,5.107681585527194,100,305.0,False,True,False,False,False,1,Không đạt
BSP,UPCOM,2026-09-22,11.9,12.50001,10.974617999999998,48.38816338791445,0.841699631013471,0.9198315318007364,2900,9175.0,False,True,False,False,False,1,Không đạt
ALT,HNX,2026-09-15,13.2,14.265,13.348,48.3798594772714,-0.2584471165442092,0.0495306082910031,100,2820.0,False,True,False,False,False,1,Không đạt
DHD,UPCOM,2026-09-23,26.6,26.675,26.954,48.377880116064695,-0.0987509155284769,-0.1143198880581882,5100,7200.0,False,False,False,True,False,1,Không đạt
MPT,UPCOM,2026-09-18,0.7,0.75,0.6639999999999999,48.3331702472967,0.0113550984672188,0.0288091071140519,5100,172325.0,False,True,False,False,False,1,Không đạt
HDM,UPCOM,2026-09-24,32.0,32.07000000000001,32.561214,48.32964405316709,-0.2055575476128375,-0.2402998920480066,300,935.0,False,False,False,True,False,1,Không đạt
DMN,UPCOM,2026-09-24,8.0,8.044999999999998,8.184324,48.27858342442298,-0.0824754143158781,-0.0684935436467017,4700,2350.0,False,False,False,False,True,1,Không đạt
NFC,HNX,2026-09-24,53.9,54.580000000000005,57.33796,48.24528728762551,-1.215750084872063,-1.3553304817800167,700,935.0,False,False,False,True,False,1,Không đạt
DTK,HNX,2026-09-24,10.7,10.71,10.913999999999998,48.21219621864234,-0.1033256615188982,-0.1190636936954201,800,2700.0,False,False,False,True,False,1,Không đạt
FRC,UPCOM,2026-09-16,25.0,25.0,25.0,48.18095727105587,-0.0090223148707337,-0.0130799156063461,700,1365.0,False,False,False,True,False,1,Không đạt
QBS,UPCOM,2026-09-18,0.5,0.505,0.584,48.159447550962405,-0.036523148991983,-0.0379850155397164,47400,125100.0,False,False,False,True,False,1,Không đạt
PMS,HNX,2026-09-24,34.0,34.505,34.955982000000006,48.15835110939722,-0.2146616918518304,-0.255322401051772,500,1290.0,False,False,False,True,False,1,Không đạt
PHP,UPCOM,2026-09-24,43.6,45.03,42.122,48.15064614449077,0.1929093637813395,0.537164867288941,122600,195395.0,False,True,False,False,False,1,Không đạt
VID,HOSE,2026-09-24,4.4,4.4245,4.5760000000000005,48.12880607233259,-0.0648867215284951,-0.0741133334330803,1100,1255.0,False,False,False,True,False,1,Không đạt
SDP,UPCOM,2026-09-11,0.7,0.73,0.784,48.12546776018253,-0.0370542250611998,-0.0270106924180371,30600,6520.0,False,False,False,False,True,1,Không đạt
XMP,UPCOM,2026-09-22,15.0,15.4594,15.048842,48.12230330381946,0.1034128465095527,0.2009393354931241,500,770.0,False,True,False,False,False,1,Không đạt
SMC,HOSE,2026-09-24,10.0,10.024,10.2002,48.088173349358335,-0.1079561740049648,-0.1101812655695724,67700,87305.0,False,False,False,True,False,1,Không đạt
MKP,UPCOM,2026-09-17,25.5,26.04,25.813496,48.03676618119768,0.0862121613906197,0.0947809130828927,800,1220.0,False,True,False,False,False,1,Không đạt
PPH,UPCOM,2026-09-24,25.6,25.69,25.486776,48.0332297977784,-0.0182489817625324,0.0040260885264356,200,8570.0,False,True,False,False,False,1,Không đạt
HAG,HOSE,2026-09-24,14.0,14.0125,14.095999999999998,48.02576872662805,-0.0520793926061422,-0.0707779478718243,1405400,1634895.0,False,False,False,True,False,1,Không đạt
NHD,UPCOM,2026-09-24,58.0,59.265,70.64,48.00488596130902,-3.8106501517749294,-4.26466448346797,200,265.0,False,False,False,True,False,1,Không đạt
TA6,UPCOM,2026-09-04,5.8,6.260714999999999,5.463852,47.99925054909088,0.4048918420677907,0.411755493658237,300,1230.0,False,True,False,False,False,1,Không đạt
BCP,UPCOM,2026-09-24,9.9,9.995,10.272,47.98831194850719,-0.0459048089954148,-0.0467001476604739,400,1650.0,False,False,False,True,False,1,Không đạt
SDA,UPCOM,2026-09-24,1.8,1.805,1.8560000000000003,47.9558210146632,-0.0161760988489079,-0.0263678651221095,26400,41840.0,False,False,False,True,False,1,Không đạt
HSL,HOSE,2026-09-24,9.09,9.585,8.991800000000001,47.927875512059245,-0.0457444440845478,0.0753841770355129,307900,404480.0,False,True,False,False,False,1,Không đạt
VTZ,HNX,2026-09-24,20.3,20.395,20.326,47.890509517494834,-0.007046579262699,0.0023098738323597,967300,1139020.0,False,True,False,False,False,1,Không đạt
SII,UPCOM,2026-09-23,16.4,16.585,17.23,47.83451294707376,-0.223447601112241,-0.3132091108464749,100,545.0,False,False,False,True,False,1,Không đạt
EVE,HOSE,2026-09-24,8.4,8.4485,8.485800000000001,47.77376797471079,-0.0472863484239685,-0.0527415996608591,200,14880.0,False,False,False,True,False,1,Không đạt
HRB,UPCOM,2026-09-08,31.0,37.39126,29.342644,47.747469328215054,-0.6578901349199668,0.8953775078909972,100,740.65,False,True,False,False,False,1,Không đạt
FT1,UPCOM,2026-09-24,39.0,39.704245,39.510996,47.716391138552645,-0.0789490252051123,0.0181351798667132,300,1855.0,False,True,False,False,False,1,Không đạt
TEG,HOSE,2026-09-24,5.87,5.917,5.937200000000001,47.69374419719531,-0.0361001134793363,-0.0263893054486475,308900,137490.0,False,False,False,False,True,1,Không đạt
BAL,UPCOM,2026-09-09,7.2496,7.340269999999999,8.111978,47.68251684597102,-0.2507119222757898,-0.3157218556015315,100,370.0,False,False,False,True,False,1,Không đạt
L10,HOSE,2026-09-21,22.75,23.41,23.201088,47.63038280977714,-0.0107214051591562,0.0366434706501336,900,1060.0,False,True,False,False,False,1,Không đạt
AAN,HOSE,2026-09-24,15.75,15.9775,15.633000000000004,47.57173478658084,0.0537716058320345,0.0960188862888991,234300,280985.0,False,True,False,False,False,1,Không đạt
CDP,UPCOM,2026-09-23,10.6,10.775,11.437544,47.55563984295772,-0.3593499648494234,-0.3557519648578578,4000,3045.0,False,False,False,False,True,1,Không đạt
HLS,UPCOM,2026-09-03,16.0,18.579715,16.83272,47.535679599772514,0.8749470272422784,0.9256769802824958,100,1432.25,False,True,False,False,False,1,Không đạt
GSP,HOSE,2026-09-24,9.8,9.8285,9.806615999999998,47.53459732396001,-0.0068209907913239,-0.006183240033107,22500,27680.0,False,True,False,False,False,1,Không đạt
NCT,HOSE,2026-09-24,83.8,84.085,83.92639200000002,47.50328758495532,0.0888450186906624,0.1338868557567607,10300,11925.0,False,True,False,False,False,1,Không đạt
TS3,UPCOM,2026-09-24,5.2,5.315,5.2780000000000005,47.468956784116806,-0.0307809050525778,-0.0086962259087773,100,10465.0,False,True,False,False,False,1,Không đạt
S4A,HOSE,2026-09-24,32.0,32.255,32.600556,47.46367304833906,-0.0904233689209661,-0.1113207150098224,300,1140.0,False,False,False,True,False,1,Không đạt
VET,UPCOM,2026-09-24,13.9,14.425,14.314,47.4085198553525,-0.0315446689050933,0.0325167249743428,600,815.0,False,True,False,False,False,1,Không đạt
TVN,UPCOM,2026-09-24,8.9,8.966775,8.97401,47.39929828296563,-0.0632716496480902,-0.083823934701232,319700,391200.0,False,False,False,True,False,1,Không đạt
HAC,UPCOM,2026-09-23,9.0,9.155,9.436,47.382481567297496,-0.022790623987186,-0.0624482904252179,300,1060.0,False,False,False,True,False,1,Không đạt
DP3,HNX,2026-09-24,60.9,61.21500000000001,60.97,47.37593534427526,0.0737893267641425,0.1537844583084473,2600,4985.0,False,True,False,False,False,1,Không đạt
VHE,HNX,2026-09-24,2.9,2.91,2.966,47.374173252093634,-0.0099079698254431,-0.0183230593088878,17600,71240.0,False,False,False,True,False,1,Không đạt
RBC,UPCOM,2026-09-17,5.4,5.485,5.878000000000001,47.36237223574067,0.1016472048747827,0.0237041520144927,100,535.0,False,False,False,True,False,1,Không đạt
LM8,HOSE,2026-09-22,13.8,14.3275,13.746676,47.2497146958545,0.3658481636899431,0.4182921269413748,100,14185.0,False,True,False,False,False,1,Không đạt
DST,HNX,2026-09-24,7.7,7.779999999999999,8.366,47.23597716999198,-0.2826529790498204,-0.3277582159489295,67100,149640.0,False,False,False,True,False,1,Không đạt
NDC,UPCOM,2026-09-08,140.0,156.48013999999998,148.837572,47.15151932528193,-4.443003499963083,-0.7877935382452239,200,780.0,False,True,False,False,False,1,Không đạt
NJC,UPCOM,2026-09-03,11.2998,12.27092,12.189562,47.12589227253977,-0.2545087833886512,0.02630503661707,600,750.0,False,True,False,False,False,1,Không đạt
TIE,UPCOM,2026-09-22,3.2,3.385,3.338,47.11897975624191,-0.078002299654019,-0.0523230085127311,500,1820.0,False,True,False,False,False,1,Không đạt
VIC,HOSE,2026-09-24,230.0,240.375,223.578,47.06536073265782,4.255530101791095,6.292481359522284,2995500,5966560.0,False,True,False,False,False,1,Không đạt
DLD,UPCOM,2026-09-18,6.8,7.76,7.013999999999999,47.04160725946591,-0.4772264622533892,-0.194369502118621,100,150.0,False,True,False,False,False,1,Không đạt
SHE,HNX,2026-09-21,6.4,6.525,6.99,47.03082755547726,-0.2176226094773206,-0.2353876610632069,200,1030.0,False,False,False,True,False,1,Không đạt
UIC,HOSE,2026-09-23,55.2,55.760000000000005,56.422,47.02746393362237,-0.2497564241166614,-0.3284683492573161,900,1830.0,False,False,False,True,False,1,Không đạt
DMC,HOSE,2026-09-23,55.3,56.60601499999999,55.857092,47.02092486912955,0.2543547590489012,0.360166226307248,400,1055.0,False,True,False,False,False,1,Không đạt
DBM,UPCOM,2026-09-21,25.1,27.498045,25.614652,46.9920477166804,0.1659542275663277,0.559256853693971,500,555.0,False,True,False,False,False,1,Không đạt
CNN,UPCOM,2026-09-16,50.0,52.27963,53.762634,46.98432084918483,-0.5433073668737904,-0.572640847168986,100,1275.0,False,False,False,True,False,1,Không đạt
HNF,UPCOM,2026-09-21,23.0,23.185,24.159037999999995,46.977563390219125,-0.1935489575784359,-0.3008683976510137,1000,4215.0,False,False,False,True,False,1,Không đạt
BNW,UPCOM,2026-09-24,17.5,17.65,19.802332,46.957692737892856,-0.6590972315078893,-0.7022523791173827,300,710.0,False,False,False,True,False,1,Không đạt
LDW,UPCOM,2026-09-23,18.6,23.58382,,46.91834608083564,1.1549348201056375,2.2738935183625464,300,225.0,False,False,False,False,True,1,Không đạt
BHA,UPCOM,2026-09-23,21.3,21.54,22.232000000000003,46.89986822529677,-0.3753705340460413,-0.392261563390784,500,935.0,False,False,False,True,False,1,Không đạt
VVS,HOSE,2026-09-24,86.8,87.64,93.352,46.89456055554495,-2.2465321463610906,-2.535692329414044,85400,92170.0,False,False,False,True,False,1,Không đạt
SBT,HOSE,2026-09-24,22.6,22.9175,22.183000000000003,46.87206558761561,0.0856435737862248,0.1943517437412486,1079900,1192390.0,False,True,False,False,False,1,Không đạt
MRF,UPCOM,2026-09-18,23.0,24.265,22.6,46.87052668478074,0.6900349612777354,0.7572342080902972,3300,46270.0,False,True,False,False,False,1,Không đạt
L61,UPCOM,2026-09-11,1.4,1.565,1.506,46.85595883302079,-0.068764769090468,-0.0470665617453617,100,810.0,False,True,False,False,False,1,Không đạt
PGB,UPCOM,2026-09-24,9.6,9.635,9.742,46.85033103820346,-0.0545217824321149,-0.0614025266546787,7000,11615.0,False,False,False,True,False,1,Không đạt
WTC,UPCOM,2026-09-24,9.4,9.575,9.72,46.78061745912323,-0.1280016971410429,-0.1041519631228005,3200,1290.0,False,False,False,False,True,1,Không đạt
KHX,UPCOM,2026-09-23,15.5,16.755000000000003,,46.77895830924133,-1.4548644321990327,-1.4840454249740302,200,540.0,False,False,False,True,False,1,Không đạt
PIT,HOSE,2026-09-24,8.88,9.351,8.3884,46.75008534844194,0.5209873755684615,0.5666207888926968,30900,179155.0,False,True,False,False,False,1,Không đạt
HPI,UPCOM,2026-09-04,19.1,20.005000000000003,23.528,46.74135762204761,-1.4426375557636533,-1.910896741908843,100,1760.0,False,False,False,True,False,1,Không đạt
ORS,HOSE,2026-09-24,13.4,13.495,13.703,46.71495910759315,-0.1520712907099906,-0.1529479146451863,1325600,2299035.0,False,False,False,True,False,1,Không đạt
STP,HNX,2026-09-22,7.3,7.68,7.586,46.70283113062277,-0.1230965594520956,-0.0541968435134361,2600,4260.0,False,True,False,False,False,1,Không đạt
VNL,HOSE,2026-09-24,18.8,18.885,18.939,46.69823014703576,0.0223384299643107,0.0119388845499306,2700,22660.0,False,False,False,True,False,1,Không đạt
BTN,UPCOM,2026-09-23,2.5,2.68,2.69,46.6721988705297,-0.0390858148106505,-0.0327825419244876,3100,1960.0,False,False,False,False,True,1,Không đạt
BRR,UPCOM,2026-09-23,17.0,17.9243,17.858734000000002,46.65842839324048,-0.2203870234864382,-0.1120053666922615,100,745.0,False,True,False,False,False,1,Không đạt
VMC,HNX,2026-09-24,3.7,3.82,3.826,46.568981701066086,-0.0576481149423928,-0.0376799026309037,17300,2530.0,False,False,False,False,True,1,Không đạt
SJG,UPCOM,2026-09-24,20.6,21.195,22.594,46.56512633223677,-0.3946014352092319,-0.4517507439341262,100,1210.0,False,False,False,True,False,1,Không đạt
HC1,UPCOM,2026-09-24,11.5,11.95587,11.889376,46.54259034155035,0.0715393443978928,0.1408948526628508,500,2695.0,False,True,False,False,False,1,Không đạt
HPH,UPCOM,2026-09-08,14.1,14.88,13.372,46.54058119629021,0.4450875520742237,0.5977437441072937,100,725.0,False,True,False,False,False,1,Không đạt
BID,HOSE,2026-09-24,35.9,36.345,35.820498,46.5232334717115,-0.0311657532922779,0.0026493743619743,3027800,3723110.0,False,True,False,False,False,1,Không đạt
SRC,HOSE,2026-09-24,36.8,37.355,39.118876,46.47495636433264,-0.6770691857491542,-0.6442525291034891,2100,1845.0,False,False,False,False,True,1,Không đạt
ACS,UPCOM,2026-09-16,4.5,5.34,4.452,46.46706476317525,-0.0712769956202956,0.201331318667222,100,835.0,False,True,False,False,False,1,Không đạt
HVH,HOSE,2026-09-24,10.6,10.8375,10.6678,46.41300123734133,-0.0193568495097711,0.0258700066553775,108000,256570.0,False,True,False,False,False,1,Không đạt
PVX,UPCOM,2026-09-18,1.6,1.6,1.814,46.41110270710936,-0.0912544568763313,-0.1002976789966242,352900,1072925.0,False,False,False,True,False,1,Không đạt
DNW,UPCOM,2026-09-24,30.5,31.34,31.299404,46.40342580163848,-0.2300708137959617,-0.1674717536140437,600,1330.0,False,True,False,False,False,1,Không đạt
VIG,HNX,2026-09-24,4.0,4.015,4.135999999999999,46.35920450282986,-0.0567790865612995,-0.0645694981658675,6700,39080.0,False,False,False,True,False,1,Không đạt
PSB,UPCOM,2026-09-24,4.9,4.970000000000001,5.03,46.33166947763904,-0.0414330173038814,-0.0402421817887995,19300,8200.0,False,False,False,False,True,1,Không đạt
SGS,UPCOM,2026-09-17,12.9,13.357655,12.82656,46.29425239823177,0.1589458486967654,0.2850874360855232,300,3545.0,False,True,False,False,False,1,Không đạt
CGV,UPCOM,2026-09-23,3.0,3.09,3.0980000000000003,46.2450936647779,0.0183212948006787,0.0153370414027751,800,1155.0,False,False,False,True,False,1,Không đạt
CRE,HOSE,2026-09-24,6.48,6.4875,6.7654000000000005,46.19398429969446,-0.1146414659642456,-0.145915923752367,88700,242295.0,False,False,False,True,False,1,Không đạt
HCC,HNX,2026-09-24,22.6,22.905,22.65593,46.17346476900839,0.0578366304021464,0.1276090174417159,2600,11335.0,False,True,False,False,False,1,Không đạt
SBM,UPCOM,2026-09-24,31.0,31.05526,31.911438,46.16685431093045,-0.2808331330647178,-0.3361933408222746,400,2860.0,False,False,False,True,False,1,Không đạt
TV3,HNX,2026-09-24,14.5,14.914485,15.120444000000004,46.161821066649736,-0.1203440990876121,-0.1221648354122815,800,1495.0,False,False,False,True,False,1,Không đạt
VTC,HNX,2026-09-24,10.0,10.315,10.149908,46.14213040141016,-0.0200876747912222,0.0225479094406328,1500,5975.0,False,True,False,False,False,1,Không đạt
VLC,UPCOM,2026-09-24,11.8,11.82,11.986,46.12186216772908,-0.0808302788521633,-0.1000395777769628,12200,31635.0,False,False,False,True,False,1,Không đạt
BAF,HOSE,2026-09-24,31.65,32.125,31.172,46.114880255430776,0.0879008116543005,0.2286057026717075,1645100,1748495.0,False,True,False,False,False,1,Không đạt
TV4,HNX,2026-09-24,12.9,13.325,13.168,46.10888505150222,-0.0071740429032551,0.0623696121705617,1000,11340.0,False,True,False,False,False,1,Không đạt
NSL,UPCOM,2026-09-10,15.5,15.90505,17.854233999999998,46.08527104821873,-0.7096077528548097,-0.5984287322624304,3300,2040.0,False,False,False,False,True,1,Không đạt
ILB,HOSE,2026-09-24,18.8,18.902495,18.824424,46.05675173732066,-0.0126038338961045,-0.0055074508114822,2800,10450.0,False,True,False,False,False,1,Không đạt
DPH,UPCOM,2026-09-23,45.5,49.03,52.005534,46.0522516738496,-1.1963930073681652,-1.4025522779373116,100,4295.0,False,False,False,True,False,1,Không đạt
TRV,UPCOM,2026-09-24,10.9,11.31,11.156,46.02862335400202,-0.2051563045954072,-0.1390040801855712,14100,21530.0,False,True,False,False,False,1,Không đạt
PCE,HNX,2026-09-14,17.8,18.1471,17.981104000000002,46.01680022316216,0.0344119796585395,0.0676367254348868,300,4990.0,False,True,False,False,False,1,Không đạt
LKW,UPCOM,2026-09-15,31.0,31.270000000000003,31.868252,45.9637890006166,-0.0464169155149107,-0.1452809024965685,700,825.0,False,False,False,True,False,1,Không đạt
CSM,HOSE,2026-09-24,13.1,13.125,13.772,45.95077615627461,-0.2207658009802457,-0.2772550128543451,69200,92120.0,False,False,False,True,False,1,Không đạt
TDF,UPCOM,2026-09-24,7.4,7.590000000000001,8.388,45.92675949971098,-0.3173416784117755,-0.3652284161574884,1000,2605.0,False,False,False,True,False,1,Không đạt
PXL,UPCOM,2026-09-24,10.4,10.47,10.788,45.86653555710641,-0.1524576924209277,-0.1827165807099876,3300,20690.0,False,False,False,True,False,1,Không đạt
HAS,HOSE,2026-09-24,9.12,10.0725,9.1838,45.86176719628288,0.0564219156094001,0.2500311876199068,100,2710.0,False,True,False,False,False,1,Không đạt
IDP,UPCOM,2026-09-07,238.5,264.95788000000005,261.902032,45.825273036286816,-7.806263826908264,-0.7305436538208148,100,1415.0,False,True,False,False,False,1,Không đạt
SP2,UPCOM,2026-09-23,24.0,26.24,24.84,45.81728372626095,0.4725342319791394,0.7912123169245213,100,7985.0,False,True,False,False,False,1,Không đạt
EIN,UPCOM,2026-09-24,1.6,1.61,1.7220000000000002,45.80588381863991,-0.0396552573170889,-0.0460200383445892,100,4625.0,False,False,False,True,False,1,Không đạt
DVN,UPCOM,2026-09-24,17.1,17.14297,17.46989,45.76248353689079,-0.0997894063380151,-0.1341935114832289,3000,22035.0,False,False,False,True,False,1,Không đạt
FHS,UPCOM,2026-09-24,25.0,26.71121,26.221816,45.67672176480696,-0.2582431060775043,-0.0134828387969659,500,1125.0,False,True,False,False,False,1,Không đạt
CTX,UPCOM,2026-09-24,4.8,4.91,5.013999999999999,45.66744185565914,-0.0741451246680728,-0.0782731089667607,2200,5805.0,False,False,False,True,False,1,Không đạt
CCR,HNX,2026-09-24,14.0,14.165,14.016444,45.60858604204919,0.0686343587287403,0.0956816373159748,1000,1370.0,False,True,False,False,False,1,Không đạt
TTN,UPCOM,2026-09-24,12.1,12.2,12.344,45.60713249888327,-0.1151693689517703,-0.1189227328127879,5500,8680.0,False,False,False,True,False,1,Không đạt
VMT,UPCOM,2026-09-24,12.0,13.170000000000002,13.457012,45.532633861204864,0.8298447008597076,0.46161068318405,300,575.0,False,False,False,True,False,1,Không đạt
HAX,HOSE,2026-09-24,8.63,8.7005,8.803199999999999,45.53101859477307,-0.1003922968400914,-0.1243727111153315,87900,89380.0,False,False,False,True,False,1,Không đạt
CMD,UPCOM,2026-09-24,17.8,17.839999999999996,18.024,45.5120100856032,-0.0501069711592236,-0.0653305140159625,300,1375.0,False,False,False,True,False,1,Không đạt
PEG,UPCOM,2026-09-24,3.7,4.0,3.794,45.49359265628995,0.0020745305847307,0.0830378137053697,1500,2060.0,False,True,False,False,False,1,Không đạt
VLG,UPCOM,2026-09-21,6.8,7.425,7.507999999999999,45.39163750434759,-0.1079751068020575,-0.0684019731450928,11700,1950.0,False,False,False,False,True,1,Không đạt
HKT,HNX,2026-09-24,13.5,13.580000000000002,14.044,45.3885641343014,-0.1657866365150653,-0.1816027437776804,15700,30545.0,False,False,False,True,False,1,Không đạt
CTP,HNX,2026-09-24,6.5,6.62,6.808,45.33978879673066,-0.1068426584720301,-0.1169390741500334,53900,121970.0,False,False,False,True,False,1,Không đạt
VRC,HOSE,2026-09-24,11.15,11.325,11.821999999999996,45.3291228758434,-0.1850819697511205,-0.1930933663457607,10300,27350.0,False,False,False,True,False,1,Không đạt
PHN,HNX,2026-09-24,52.0,55.010000000000005,56.710918,45.29585475211199,-0.8622677826860112,-0.6764372616274678,400,295.0,False,False,False,False,True,1,Không đạt
BSQ,UPCOM,2026-09-16,16.0,16.9,17.001764,45.28981773295863,-0.304747374419243,-0.1184003841245819,5500,1765.0,False,False,False,False,True,1,Không đạt
DCV,UPCOM,2026-09-14,126.0,126.745,135.815072,45.27319599276154,-2.761699893638607,-3.4881052905247256,200,220.0,False,False,False,True,False,1,Không đạt
HCM,HOSE,2026-09-24,25.1,25.75,25.510900000000003,45.268353792347625,-0.1285346553347075,-0.0323648179462356,1945600,3491680.0,False,True,False,False,False,1,Không đạt
GDT,HOSE,2026-09-24,15.75,15.795000000000002,15.871,45.16938308900491,-0.0513725257277961,-0.0578064894761477,4100,12445.0,False,False,False,True,False,1,Không đạt
FOC,UPCOM,2026-09-24,61.1,61.40999999999999,61.760316,45.14057292475246,-0.1044288664881847,-0.1051737948766687,12600,12720.0,False,False,False,True,False,1,Không đạt
MTL,UPCOM,2026-09-24,4.6,4.9350000000000005,5.306,45.11309905914125,-0.2312656441652416,-0.1746893857930158,1000,740.0,False,False,False,False,True,1,Không đạt
MCG,UPCOM,2026-09-24,2.4,2.475,2.498,45.078556692942215,-0.0206063027254628,-0.0173544892673494,30300,10360.0,False,False,False,False,True,1,Không đạt
PNP,UPCOM,2026-09-24,19.0,19.595,19.888,45.07143089099913,-0.209053429669435,-0.1430850135350578,1200,435.0,False,False,False,False,True,1,Không đạt
BVG,UPCOM,2026-09-24,2.7,2.835,2.758,45.061554875422985,0.0247498237669399,0.038459230536186,300,5205.0,False,True,False,False,False,1,Không đạt
GDW,HNX,2026-09-15,29.9,31.632205,34.988234000000006,45.05979540940656,-1.874034326737906,-2.116745211581759,900,1110.0,False,False,False,True,False,1,Không đạt
X20,HNX,2026-09-24,10.5,10.719705,10.80482,45.04955344595045,-0.0199251615761362,-0.0335859766249928,100,1280.0,False,False,False,True,False,1,Không đạt
HUB,HOSE,2026-09-24,11.1,11.325765,11.05809,44.96520323529943,-0.0074708831903613,0.0391224960294435,3300,7555.0,False,True,False,False,False,1,Không đạt
RCC,UPCOM,2026-09-18,17.0,18.715,18.636000000000003,44.95965439382386,-0.3965111760473583,-0.1369268697685526,800,1605.0,False,True,False,False,False,1,Không đạt
IMP,HOSE,2026-09-24,36.9,37.94,37.332,44.93588726278237,-0.2276340675787622,-0.1559037002072891,2900,6990.0,False,True,False,False,False,1,Không đạt
TCO,HOSE,2026-09-24,10.6,10.8625,10.772,44.925313460444286,-0.052451012952714,-0.0290615110839419,240100,478765.0,False,True,False,False,False,1,Không đạt
MBB,HOSE,2026-09-24,19.85,20.2975,19.903914,44.882144753281366,-0.0383268588604401,0.0168312989998054,8475200,12018720.0,False,True,False,False,False,1,Không đạt
MIG,HOSE,2026-09-24,15.55,15.795000000000002,15.86132,44.8723189470009,-0.0633276503775484,-0.0676981848274599,31000,78275.0,False,False,False,True,False,1,Không đạt
HES,UPCOM,2026-09-04,14.4986,17.378075000000003,17.473292,44.85945725519725,-0.7721471667420161,-0.1858237208217384,10000,2250.0,False,False,False,False,True,1,Không đạt
CCV,UPCOM,2026-08-26,49.8,58.485765,44.616696000000005,44.8493240563131,7.044934273219489,7.339264073690618,100,185.0,False,True,False,False,False,1,Không đạt
WSS,HNX,2026-09-24,6.0,6.075,6.14,44.84918531166917,-0.0284403988636343,-0.043392192150411,12900,21680.0,False,False,False,True,False,1,Không đạt
BMK,UPCOM,2026-09-24,9.1,9.365,11.402,44.831140085723696,-0.5567818204584363,-0.6877750105441813,400,1210.0,False,False,False,True,False,1,Không đạt
DGC,HOSE,2026-09-24,35.3,36.8253,35.422782000000005,44.71798411800987,-0.15779373363155,0.1327444531352967,402800,917080.0,False,True,False,False,False,1,Không đạt
SDY,UPCOM,2026-09-18,0.9,0.91,1.152,44.713516356433104,-0.1182426026973231,-0.1343728596378795,100,4320.0,False,False,False,True,False,1,Không đạt
SHB,HOSE,2026-09-24,11.6,11.77,11.824000000000002,44.70493006865775,-0.0944812460522275,-0.1037851307821857,32735400,43105210.0,False,False,False,True,False,1,Không đạt
BHN,HOSE,2026-09-24,27.2,28.05756,27.390206,44.666966744674816,-0.0039643025595523,0.1527195383981422,500,2415.0,False,True,False,False,False,1,Không đạt
SAB,HOSE,2026-09-24,44.15,44.7975,44.727926,44.60689800916111,-0.2751857971035605,-0.1951663884119617,288300,475260.0,False,True,False,False,False,1,Không đạt
SDV,UPCOM,2026-09-04,30.0,30.82086,30.402614,44.60025453906523,0.142127922362949,0.2378752381472477,200,1585.0,False,True,False,False,False,1,Không đạt
DDN,UPCOM,2026-09-23,8.5,9.57,8.67,44.57225263149689,-0.0022794053325743,0.118602281023266,2000,7015.0,False,True,False,False,False,1,Không đạt
MAC,HNX,2026-09-24,11.0,11.395,11.884,44.54004946239833,-0.3301210348353756,-0.2834574803407061,1900,1035.0,False,False,False,False,True,1,Không đạt
BSH,UPCOM,2026-09-23,16.3,16.919999999999998,17.01,44.49042193469236,0.1252185002517691,0.1185133783237183,200,685.0,False,False,False,True,False,1,Không đạt
BRS,UPCOM,2026-09-23,19.8,20.26,21.468012,44.47867788643059,-0.4712997063838386,-0.5321163783536195,300,815.0,False,False,False,True,False,1,Không đạt
SGH,HNX,2026-09-17,17.9,19.060045,21.135298,44.47862034240735,-1.1309012855742395,-1.0608831784508663,1500,340.0,False,False,False,False,True,1,Không đạt
PHC,HOSE,2026-09-24,3.55,3.583065,3.63397,44.4211032209868,0.011021699085421,-0.0011393948193439,25700,68090.0,False,False,False,True,False,1,Không đạt
ILA,UPCOM,2026-09-24,6.0,6.17,6.702000000000001,44.403493110879545,-0.2018897383102977,-0.209410903820485,2600,9950.0,False,False,False,True,False,1,Không đạt
VCB,HOSE,2026-09-24,58.1,59.06,58.298904,44.38677124096871,-0.0105903601994867,0.0827757632794416,4188600,5176445.0,False,True,False,False,False,1,Không đạt
SDT,UPCOM,2026-09-24,3.8,3.874999999999999,3.9979999999999993,44.36706429665262,-0.0611679152040514,-0.0617883395509524,800,104525.0,False,False,False,True,False,1,Không đạt
WSB,UPCOM,2026-09-24,51.3,53.56,54.324,44.29774706945201,-0.7750009822660147,-0.4928815217610548,1000,620.0,False,False,False,False,True,1,Không đạt
HDG,HOSE,2026-09-24,16.05,16.32,16.523,44.24151756194082,-0.2060028811915693,-0.2328974095438048,931500,1104425.0,False,False,False,True,False,1,Không đạt
PMB,HNX,2026-09-24,9.5,9.70883,9.68394,44.23887264823436,-0.0207665973577277,-0.0089574148122202,2000,3695.0,False,True,False,False,False,1,Không đạt
TUG,UPCOM,2026-09-24,16.7,19.859265,18.199752,44.14941908938103,0.2678929056988828,0.6407806393329211,100,595.0,False,True,False,False,False,1,Không đạt
SC5,HOSE,2026-09-23,14.8,15.9475,15.845,44.13785862210818,-0.0059238400938692,0.173919291150337,400,1135.0,False,True,False,False,False,1,Không đạt
CMW,UPCOM,2026-09-15,11.9,12.585,13.656,44.10499715835071,-0.2774177617037008,-0.3953376162231271,600,815.0,False,False,False,True,False,1,Không đạt
DRH,HOSE,2026-09-24,1.63,1.6955000000000002,1.6664,44.10340435202276,-0.023078399150809,-0.0164739278660558,51400,119670.0,False,True,False,False,False,1,Không đạt
AAV,UPCOM,2026-09-24,5.8,5.944999999999999,,44.09314015932444,-0.1222773239056325,-0.1140864068314133,219100,217660.0,False,False,False,False,True,1,Không đạt
HHC,HNX,2026-09-24,76.0,83.19,78.134,44.0800772621872,-1.2369370161012796,-0.4613236632095021,300,3025.0,False,True,False,False,False,1,Không đạt
CQN,UPCOM,2026-09-24,29.7,29.875,30.034,43.8441483752764,-0.1110668961941954,-0.0924314821333001,63500,50950.0,False,False,False,False,True,1,Không đạt
PNT,UPCOM,2026-09-16,6.4,7.27,7.618,43.81762436346968,-0.3789506356091294,-0.2938136907513275,3000,2590.0,False,False,False,False,True,1,Không đạt
DRG,UPCOM,2026-09-23,7.5,7.914575000000001,8.114326,43.810087163535385,-0.0410529186848283,-0.030572673648098,3300,675.0,False,False,False,False,True,1,Không đạt
VNP,UPCOM,2026-09-24,17.0,17.445,17.404,43.765988926176966,-0.1135350604755629,-0.0333298594946193,21400,37785.0,False,True,False,False,False,1,Không đạt
VBT,UPCOM,2026-09-24,3.7,3.94,4.782,43.687822112087936,-0.3362188814598585,-0.3876181808595932,900,1345.0,False,False,False,True,False,1,Không đạt
AAH,UPCOM,2026-09-24,1.8,1.825,1.948,43.652931232799176,-0.0493893476165365,-0.0630398692048363,126900,263925.0,False,False,False,True,False,1,Không đạt
IST,UPCOM,2026-09-24,30.2,30.9382,31.515249999999995,43.64314043971954,-0.3268389465864416,-0.2757623225159879,6900,4095.0,False,False,False,False,True,1,Không đạt
CKG,HOSE,2026-09-24,5.69,5.808999999999999,5.909800000000001,43.573009245821446,-0.0732831075135989,-0.0762504982802475,1400,37060.0,False,False,False,True,False,1,Không đạt
S99,HNX,2026-09-24,7.5,7.575,7.867999999999999,43.572272822168514,-0.1384757365206113,-0.1457274899842884,10500,18205.0,False,False,False,True,False,1,Không đạt
MKV,HNX,2026-09-18,13.3,14.05,18.958,43.55684899097881,-1.7772253255994173,-1.9829790547190227,200,4875.0,False,False,False,True,False,1,Không đạt
KIP,UPCOM,2026-09-10,12.8,14.507285,13.28413,43.51220438520473,0.4201889433406265,0.5617922135366938,100,11970.0,False,True,False,False,False,1,Không đạt
PRT,UPCOM,2026-09-24,8.3,9.3,9.146,43.51032833190295,-0.2178705548115509,-0.1152592977973578,600,11355.0,False,True,False,False,False,1,Không đạt
VPD,HOSE,2026-09-24,20.5,20.745,20.923,43.48928493046828,-0.1345770503655288,-0.1276552344317338,24800,7430.0,False,False,False,False,True,1,Không đạt
CLW,HOSE,2026-09-23,44.7,47.385000000000005,49.09709,43.430197793319536,-0.9840960166253367,-0.0846978039572413,3000,685.0,False,False,False,False,True,1,Không đạt
HSV,UPCOM,2026-09-24,3.7,3.845,3.956,43.40487692322851,-0.0274838277666824,-0.0341494067751518,1200,12835.0,False,False,False,True,False,1,Không đạt
BPC,HNX,2026-09-23,12.0,12.844415,12.601126,43.40360568018765,-0.0108626630592461,0.0700429412151093,500,14850.0,False,True,False,False,False,1,Không đạt
QNW,UPCOM,2026-09-21,15.5,17.16813,15.935728,43.39738650052385,0.3617179138102457,0.5211147791187585,200,415.0,False,True,False,False,False,1,Không đạt
DTA,HOSE,2026-09-24,3.29,3.4205,3.4912,43.27878392498117,-0.0275547384470113,-0.0265148821463355,94400,10035.0,False,False,False,False,True,1,Không đạt
VMD,HOSE,2026-09-24,13.5,13.785000000000002,14.061999999999998,43.26299128145279,-0.0463828608328302,-0.0862792332293174,400,830.0,False,False,False,True,False,1,Không đạt
G20,UPCOM,2026-09-18,0.5,0.5599999999999999,0.61,43.261759411416655,-0.0102879412368938,-0.0125819186263892,7400,22690.0,False,False,False,True,False,1,Không đạt
BTP,HOSE,2026-09-24,7.26,7.291500000000001,7.4908,43.24976484945441,-0.0749302866012247,-0.0927818318121062,29700,36600.0,False,False,False,True,False,1,Không đạt
TID,UPCOM,2026-09-24,18.0,19.08,19.13712,43.2358630529274,-0.1892489976985629,-0.1000600342320266,13300,2655.0,False,False,False,False,True,1,Không đạt
JOS,UPCOM,2026-09-18,1.1,1.325,1.122,43.2209493298424,0.0153508343516293,0.0447751306888231,18200,21250.0,False,True,False,False,False,1,Không đạt
VIX,HOSE,2026-09-24,12.75,13.4275,13.017758,43.21019130364259,-0.1683631533963812,-0.108790007988239,26613900,38460825.0,False,True,False,False,False,1,Không đạt
BMV,UPCOM,2026-09-21,3.4,3.535,4.388,43.19630164247177,-0.269603774149064,-0.3404963926868721,200,785.0,False,False,False,True,False,1,Không đạt
SDN,HNX,2026-09-10,18.0,18.22218,22.132494,43.16363203656544,-0.9905520198780912,-1.3139454875390837,200,520.0,False,False,False,True,False,1,Không đạt
TLP,UPCOM,2026-09-24,6.6,7.989999999999999,7.172,43.14597066386677,-0.2786300159489299,-0.0801265082815517,17900,59225.0,False,True,False,False,False,1,Không đạt
VFS,HNX,2026-09-24,10.0,10.285,10.082,43.13529650045424,-0.0330944152531014,0.0069063879644521,503000,650580.0,False,True,False,False,False,1,Không đạt
ANV,HOSE,2026-09-24,16.2,16.415,16.977,43.12969712774436,-0.3604690373161823,-0.4275884019161461,207500,412630.0,False,False,False,True,False,1,Không đạt
VPL,HOSE,2026-09-24,78.0,80.88,78.982,43.04681851299967,0.482644646108568,0.9503827956119903,942400,1129940.0,False,True,False,False,False,1,Không đạt
TCH,HOSE,2026-09-24,11.25,11.87752,11.411075999999998,42.94772142103594,-0.0136765598048995,0.0503553678367035,3936000,5079105.0,False,True,False,False,False,1,Không đạt
QNU,UPCOM,2026-09-24,8.7,9.7534,8.316586000000001,42.92762682868925,0.2992401849223363,0.4872144901106574,500,15710.0,False,True,False,False,False,1,Không đạt
CIP,UPCOM,2026-09-24,1.4,1.5299999999999998,1.6740000000000002,42.89619733996602,-0.0377124945589204,-0.0463955911176609,1000,1690.0,False,False,False,True,False,1,Không đạt
MLS,UPCOM,2026-09-23,15.1,15.405,15.97,42.89352384029536,-0.2341602561852394,-0.2666957087299365,500,5205.0,False,False,False,True,False,1,Không đạt
BSL,UPCOM,2026-09-24,12.3,12.42,12.8,42.8697460732428,-0.0889142277571153,-0.1060894966480037,3300,3785.0,False,False,False,True,False,1,Không đạt
IVS,HNX,2026-09-24,6.3,6.505,6.424628,42.83112715486664,-0.0231284678478917,-0.0039436289789375,19600,31780.0,False,True,False,False,False,1,Không đạt
SJD,HOSE,2026-09-24,13.85,13.905,13.933,42.8234427292736,-0.0174540891858345,-0.0160726001463355,77900,46025.0,False,False,False,False,True,1,Không đạt
SKH,UPCOM,2026-09-24,20.2,20.72,21.843746,42.81621999138104,-0.1684082960773132,-0.3107194541480541,100,590.0,False,False,False,True,False,1,Không đạt
HMS,UPCOM,2026-09-24,28.0,29.335,30.112,42.78523333979136,-0.2348263009393214,-0.3352987469350961,300,1570.0,False,False,False,True,False,1,Không đạt
DAN,UPCOM,2026-08-27,25.0,29.09,32.04,42.76667849610172,-1.6791227387060488,-1.1189816158824073,3500,1100.0,False,False,False,False,True,1,Không đạt
VFR,UPCOM,2026-09-23,8.6,9.20002,9.586272,42.74776080564133,-0.140884036601772,-0.1283281105200585,1000,795.0,False,False,False,False,True,1,Không đạt
BAX,HNX,2026-09-24,29.0,30.265,31.772348,42.67740386516497,-0.7569842597292293,-0.7463006538392503,1100,750.0,False,False,False,False,True,1,Không đạt
HAM,UPCOM,2026-09-14,41.0,43.07,43.104000000000006,42.63278978216551,-0.7349483957509904,-0.3573671508481715,3000,1575.0,False,False,False,False,True,1,Không đạt
VDG,UPCOM,2026-09-18,16.4,21.7,18.284,42.56974446501151,-0.5724781388058027,0.8432217884180822,100,1010.0,False,True,False,False,False,1,Không đạt
KHS,HNX,2026-09-24,12.6,12.88,12.806,42.53076928040311,-0.0988337523192051,-0.0421383159187581,2400,2930.0,False,True,False,False,False,1,Không đạt
YTC,UPCOM,2026-08-26,21.0,22.26067,26.326132,42.476976546517605,-1.033343654959939,-1.3263757854869984,200,275.0,False,False,False,True,False,1,Không đạt
DRC,HOSE,2026-09-24,10.05,10.1085,10.345,42.37113756023148,-0.1211261384971766,-0.1486904012694832,61200,151305.0,False,False,False,True,False,1,Không đạt
VKC,UPCOM,2026-09-18,1.1,1.435,1.134,42.33870384173185,0.1057574763444655,0.1796141005141575,324500,324560.0,False,True,False,False,False,1,Không đạt
DHM,HOSE,2026-09-24,6.56,6.888000000000001,6.67,42.3117578443674,0.0561555102845634,0.1045344220801185,4300,5430.0,False,True,False,False,False,1,Không đạt
PVY,UPCOM,2026-09-18,1.8,1.95,2.142,42.2974686393184,-0.1287534589595331,-0.1154757565108445,27400,8730.0,False,False,False,False,True,1,Không đạt
HTG,HOSE,2026-09-24,33.3,33.75,34.02757,42.09850975640487,-0.1654306141564916,-0.1331438656094043,4300,3735.0,False,False,False,False,True,1,Không đạt
QTP,UPCOM,2026-09-24,11.0,11.04,11.094,42.02642318259758,-0.0391132610272464,-0.0421573311334866,27200,76175.0,False,False,False,True,False,1,Không đạt
BLT,UPCOM,2026-09-23,18.0,18.795,20.230854,41.99674579706466,-0.6263363034225478,-0.6440318117549575,100,440.0,False,False,False,True,False,1,Không đạt
MSH,HOSE,2026-09-24,29.95,30.2425,30.608999999999995,41.85712645767844,-0.2314160371757267,-0.2502160433661914,61400,71935.0,False,False,False,True,False,1,Không đạt
TSC,HOSE,2026-09-24,1.91,1.9485,1.9958,41.79515262984327,-0.0353885296862177,-0.0345693063381385,162600,96710.0,False,False,False,False,True,1,Không đạt
SSH,UPCOM,2026-09-07,60.0,60.19748,71.81334000000001,41.753260856265385,-3.538095184241385,-4.585283835866062,100,405.0,False,False,False,True,False,1,Không đạt
SBR,UPCOM,2026-09-16,7.6,8.25,8.446424,41.71588962987598,-0.1929817979725072,-0.1032835598613835,5000,955.0,False,False,False,False,True,1,Không đạt
DTC,UPCOM,2026-09-04,4.1,5.005,4.998,41.71206717020492,-0.1219301078712078,-0.0534298238619467,1200,1795.0,False,True,False,False,False,1,Không đạt
DBD,HOSE,2026-09-24,46.35,47.1332,47.32016000000001,41.63801481669954,-0.3026844168553353,-0.257637119298339,64800,50420.0,False,False,False,False,True,1,Không đạt
MBG,HNX,2026-09-24,2.2,2.265,2.33,41.634550271669895,-0.0406941809833951,-0.038774311086462,198200,86565.0,False,False,False,False,True,1,Không đạt
GMH,HOSE,2026-09-24,6.8,6.8735,7.044,41.63204507221842,-0.072557040772538,-0.072679657903704,300,565.0,False,False,False,True,False,1,Không đạt
PTC,HOSE,2026-09-24,5.26,5.6160000000000005,5.9002,41.55869378815189,-0.0938947282826037,-0.0832072484016794,10000,4630.0,False,False,False,False,True,1,Không đạt
KSB,HOSE,2026-09-24,12.95,13.2275,13.421,41.51716298043189,-0.1849786736705159,-0.17511832926645,771600,484855.0,False,False,False,False,True,1,Không đạt
ISH,UPCOM,2026-09-24,22.0,23.525,23.59704,41.48545384734964,-0.4187785201406022,-0.1967524895489906,4000,2180.0,False,False,False,False,True,1,Không đạt
SRB,UPCOM,2026-09-24,1.3,1.395,1.518,41.472702583425885,-0.047028703819167,-0.0513968489496217,1600,2530.0,False,False,False,True,False,1,Không đạt
HAN,UPCOM,2026-09-24,7.4,7.880000000000001,8.01,41.47252441670513,-0.1524111819371167,-0.1346179169420909,3300,1645.0,False,False,False,False,True,1,Không đạt
HVX,UPCOM,2026-09-24,2.2,2.35,2.368,41.47175866851013,-0.0253501416334982,-0.0165031171354841,3000,2600.0,False,False,False,False,True,1,Không đạt
HPA,HOSE,2026-09-24,27.35,27.502500000000005,29.449,41.41322762036979,-0.7008584421141748,-0.8453362389947894,61900,72165.0,False,False,False,True,False,1,Không đạt
KDC,HOSE,2026-09-24,51.0,51.510000000000005,50.951,41.41091382900767,-0.0620038872239945,0.0454068472933198,89100,108595.0,False,True,False,False,False,1,Không đạt
QST,HNX,2026-09-22,22.6,25.7,26.1739,41.39365336789812,-0.9151913462917882,-0.5463450418252203,8000,1515.0,False,False,False,False,True,1,Không đạt
BCC,HNX,2026-09-24,5.7,5.76,5.992000000000001,41.383636620400296,-0.1030299715493026,-0.1188112557209977,2000,20560.0,False,False,False,True,False,1,Không đạt
LHC,HNX,2026-09-24,45.6,46.305,46.08,41.36841290428684,-0.0306007900888189,0.0532064511398372,4500,9385.0,False,True,False,False,False,1,Không đạt
CI5,UPCOM,2026-09-09,3.3,3.5200000000000005,4.593999999999999,41.3339133199202,-0.3021484449982528,-0.3400016214019552,400,1065.0,False,False,False,True,False,1,Không đạt
VSF,UPCOM,2026-09-24,25.5,25.955,27.29,41.29233952259754,-0.3507522119844459,-0.349584674276337,42800,40930.0,False,False,False,False,True,1,Không đạt
EIB,HOSE,2026-09-24,16.5,16.692500000000003,17.363999999999997,41.28186747838436,-0.346988198197149,-0.400101174392665,2851800,4220505.0,False,False,False,True,False,1,Không đạt
HPT,UPCOM,2026-09-24,27.0,28.170000000000005,27.611334,41.2582700408644,-0.1385475195559777,0.079739381399763,100,1620.0,False,True,False,False,False,1,Không đạt
GCB,UPCOM,2026-09-18,5.1,6.26,5.964,41.21639147866238,-0.2474134444150584,-0.0773428655652584,100,23955.0,False,True,False,False,False,1,Không đạt
HD6,UPCOM,2026-09-24,7.3,7.645,7.826,41.150580920571215,-0.1319006738299855,-0.1146188154953169,16300,5405.0,False,False,False,False,True,1,Không đạt
LIX,HOSE,2026-09-24,24.55,24.7425,24.995,41.14817285875007,-0.1240110651122563,-0.1592395083246991,2600,14615.0,False,False,False,True,False,1,Không đạt
LDG,HOSE,2026-09-24,2.5,2.6095,2.7124,41.14371194351023,-0.0579732324852155,-0.0662617691675132,582300,665950.0,False,False,False,True,False,1,Không đạt
VC3,HNX,2026-09-24,23.2,23.6012,23.722768,41.12892347170485,-0.0305944860021831,-0.0147597682274359,1689500,1234905.0,False,False,False,False,True,1,Không đạt
OCB,HOSE,2026-09-24,10.3,10.4825,10.536,41.06000707572664,-0.0807148846180378,-0.0846922007314939,1100200,2181530.0,False,False,False,True,False,1,Không đạt
TTA,HOSE,2026-09-24,11.0,11.2775,11.182,41.02167102349495,-0.0776771222466194,-0.039588575209262,9500,134480.0,False,True,False,False,False,1,Không đạt
BDG,UPCOM,2026-09-24,26.0,26.695,28.488298,41.00708887946077,-0.6064711812780637,-0.660892592832673,100,1700.0,False,False,False,True,False,1,Không đạt
CPI,UPCOM,2026-09-18,3.7,4.64,4.42,40.948668133787216,0.0784899381807511,0.1871016276167731,200,1950.0,False,True,False,False,False,1,Không đạt
SFN,HNX,2026-09-24,15.1,19.410000000000004,19.110568,40.94007968176725,-0.6089489667673185,0.0722958248130536,100,760.0,False,True,False,False,False,1,Không đạt
HVT,HNX,2026-09-24,23.1,23.33,23.7,40.80096857017093,-0.1205446225890547,-0.1324535149499065,2400,6790.0,False,False,False,True,False,1,Không đạt
PRC,HNX,2026-09-24,9.8,10.2,10.470000000000002,40.77833852768151,-0.1439208759369545,-0.1277491594627278,3800,1015.0,False,False,False,False,True,1,Không đạt
DIH,HNX,2026-09-24,7.1,7.220000000000001,7.308000000000001,40.74852069595716,-0.0447174092308682,-0.0417300052154011,2800,2645.0,False,False,False,False,True,1,Không đạt
AFX,HOSE,2026-09-24,9.89,9.984,10.1076,40.59120377163572,-0.0710411068079306,-0.0767910519582716,94900,137625.0,False,False,False,True,False,1,Không đạt
WCS,HNX,2026-09-22,282.1,294.43,298.59,40.49828478186296,-3.0841765865346247,-2.512301801709796,400,325.0,False,False,False,False,True,1,Không đạt
EVF,HOSE,2026-09-24,11.65,11.9225,12.218,40.45989954370607,-0.2451776113297654,-0.2259549772517658,2114400,1415960.0,False,False,False,False,True,1,Không đạt
VNZ,UPCOM,2026-09-24,550.1,586.66,549.2919999999999,40.45232108136348,1.428200585105742,9.50627906369566,700,2410.0,False,True,False,False,False,1,Không đạt
PNC,HOSE,2026-09-16,23.6011,27.474255,26.98559,40.41412248748512,-0.1974981583791439,0.3721309954638639,200,320.0,False,True,False,False,False,1,Không đạt
MVN,UPCOM,2026-09-24,58.4,63.81,60.13,40.35893315725867,-1.0824209566443417,-0.143703667237504,7200,17975.0,False,True,False,False,False,1,Không đạt
DTP,UPCOM,2026-09-24,56.2,58.80608,64.701144,40.28972055009351,-1.9324117453240677,-2.1506517671384007,1200,2145.0,False,False,False,True,False,1,Không đạt
TSB,HNX,2026-09-24,17.9,19.725,20.09,40.24996295424985,-0.6860142483029854,-0.4255320570871554,18300,11380.0,False,False,False,False,True,1,Không đạt
NAF,HOSE,2026-09-24,47.95,48.182500000000005,48.162,40.14907590539847,-0.0967445739906054,-0.0818652852995731,331000,376690.0,False,True,False,False,False,1,Không đạt
LPB,HOSE,2026-09-24,46.4,47.99249999999999,50.637,40.14732260524988,-1.1539074315583877,-1.1539661986284386,1133500,2384315.0,False,False,False,True,False,1,Không đạt
GDA,UPCOM,2026-09-24,12.0,12.13,12.312,40.10064729849304,-0.1396462384654366,-0.1355273737398487,43300,21950.0,False,False,False,False,True,1,Không đạt
ITC,HOSE,2026-09-24,8.8,9.001415,9.265534,39.963769113704224,-0.1515590630213807,-0.1621575407227258,31100,43855.0,False,False,False,True,False,1,Không đạt
HEC,UPCOM,2026-09-24,27.5,27.945,29.036,39.831368856632025,-0.3771982387130848,-0.4101022929089435,900,2270.0,False,False,False,True,False,1,Không đạt
PMJ,UPCOM,2026-09-22,12.8,15.910000000000002,15.873162000000002,39.75610634475735,0.0409974180574757,0.1546303273764613,100,550.0,False,True,False,False,False,1,Không đạt
TVB,HOSE,2026-09-24,6.3,6.4795,6.900799999999999,39.72303841388875,-0.218700207507136,-0.2360686336037835,2300,8235.0,False,False,False,True,False,1,Không đạt
VBB,HOSE,2026-09-24,11.25,11.2575,,39.518427927923824,-0.3833354132799034,-0.48289360460146,9900,29575.0,False,False,False,True,False,1,Không đạt
NQN,UPCOM,2026-09-23,10.0,10.5904,11.072788,39.49811932775789,-0.2370972066636589,-0.1954191937551739,5600,2255.0,False,False,False,False,True,1,Không đạt
LIG,HNX,2026-09-24,3.0,3.075,3.244,39.4421551641723,-0.0846893736312544,-0.0937195227941812,112400,186095.0,False,False,False,True,False,1,Không đạt
CEO,HNX,2026-09-24,11.5,12.34,12.208000000000002,39.44055898860971,-0.2855320071016614,-0.205166068142876,3876700,5244115.0,False,True,False,False,False,1,Không đạt
FMC,HOSE,2026-09-24,32.85,33.325,33.764,39.422577618139,-0.3321973712348409,-0.29204942755707,12100,8710.0,False,False,False,False,True,1,Không đạt
VSC,HOSE,2026-09-24,13.1,13.6775,14.095,39.37161602330969,-0.4144400054742529,-0.435377934899979,6493000,8536005.0,False,False,False,True,False,1,Không đạt
EVG,HOSE,2026-09-24,4.1,4.1715,4.3660000000000005,39.317576924396256,-0.0927789059274823,-0.1090055989858115,331100,413350.0,False,False,False,True,False,1,Không đạt
PCB,UPCOM,2026-09-24,8.6,8.745000000000001,,39.31252655899672,-0.4233469312595073,-0.5383619497991132,273400,299590.0,False,False,False,True,False,1,Không đạt
STK,HOSE,2026-09-24,7.68,7.931,8.285400000000001,39.30900381472839,-0.2001894676703681,-0.2134247344572619,9000,15010.0,False,False,False,True,False,1,Không đạt
PTL,HOSE,2026-09-24,1.72,1.7665,1.8042,39.274628967352136,-0.029622642132868,-0.0318067470841209,2700,29530.0,False,False,False,True,False,1,Không đạt
CMX,HOSE,2026-09-24,4.63,4.6875,4.791,39.18333041389798,-0.0541864522817325,-0.063863196280051,10500,32680.0,False,False,False,True,False,1,Không đạt
ACB,HOSE,2026-09-24,21.4,22.23,22.384,39.1572900145374,-0.1252382142952548,-0.049295322445509,8843500,7500320.0,False,False,False,False,True,1,Không đạt
AGR,HOSE,2026-09-24,12.55,12.9,13.128,39.13245241123418,-0.1773270763047261,-0.167853942406438,224700,220975.0,False,False,False,False,True,1,Không đạt
PSN,UPCOM,2026-09-14,8.0,9.155,9.63416,39.12301603503428,-0.2318648703031662,-0.1689756567656216,500,380.0,False,False,False,False,True,1,Không đạt
VHD,UPCOM,2026-09-18,2.4,2.695,3.284,39.117688155743735,-0.2955984917440841,-0.3097046105770621,100,3080.0,False,False,False,True,False,1,Không đạt
HNM,UPCOM,2026-09-24,8.0,8.555000000000001,8.222000000000001,39.10677943567593,0.0166301897354319,0.1132162590477628,130200,349440.0,False,True,False,False,False,1,Không đạt
AIG,UPCOM,2026-09-24,46.8,48.715,46.876572,38.867228838729936,-0.1216189396552778,0.3155978233931216,5100,11505.0,False,True,False,False,False,1,Không đạt
TRA,HOSE,2026-09-24,36.8,36.915,41.492,38.843030164086855,-1.3125729258066414,-1.9819225398149904,600,4145.0,False,False,False,True,False,1,Không đạt
NVL,HOSE,2026-09-24,12.2,12.705,12.925,38.82239035065574,-0.2052673669340663,-0.1776608133857215,15463300,12534640.0,False,False,False,False,True,1,Không đạt
AMP,UPCOM,2026-09-24,12.4,13.115,14.306,38.77152174642862,-0.5358685633241507,-0.5199749973467787,13400,7275.0,False,False,False,False,True,1,Không đạt
TAL,HOSE,2026-09-24,22.3,23.295,23.065,38.74774051331598,-0.4622944169144567,-0.3811875222206284,19700,114310.0,False,True,False,False,False,1,Không đạt
ADS,HOSE,2026-09-24,7.89,8.0435,7.967,38.74200316715545,-0.0455270061084034,-0.0196672028602312,24500,46010.0,False,True,False,False,False,1,Không đạt
HAV,UPCOM,2026-09-17,2.3,2.87,3.046,38.65020591915008,-0.1133888925316353,-0.0638301892592766,1400,570.0,False,False,False,False,True,1,Không đạt
CMG,HOSE,2026-09-24,22.65,23.35,24.133000000000003,38.6285518839309,-0.4538267901684421,-0.4596315100789734,97600,125270.0,False,False,False,True,False,1,Không đạt
SBA,HOSE,2026-09-24,24.3,24.57,25.114,38.58961277658032,-0.2058535404166512,-0.2061017162661235,1600,4040.0,False,False,False,True,False,1,Không đạt
VLS,UPCOM,2026-09-24,10.5,11.265,12.954,38.50181628630858,-0.4715248899355675,-0.6546044805567555,3700,9635.0,False,False,False,True,False,1,Không đạt
RAL,HOSE,2026-09-24,74.5,75.465,77.038734,38.40376912280247,-0.9979482191543808,-1.002722348180534,800,2870.0,False,False,False,True,False,1,Không đạt
MIE,UPCOM,2026-09-22,5.5,7.82,6.848,38.3585044416497,-0.1336040083975689,0.2126166822224891,100,930.0,False,True,False,False,False,1,Không đạt
ODE,UPCOM,2026-09-24,45.4,45.905,46.288,38.243538361348286,-0.289116085589896,-0.2657076218853709,23200,19185.0,False,False,False,False,True,1,Không đạt
NLG,HOSE,2026-09-24,22.8,24.29,23.368,38.141173350154624,-0.0872463051845855,0.1230730873617755,1511900,1896840.0,False,True,False,False,False,1,Không đạt
LMI,UPCOM,2026-09-03,7.9,8.098445,8.751294,38.08081313513743,-0.2692977228884814,-0.288552884160292,100,5175.0,False,False,False,True,False,1,Không đạt
VRE,HOSE,2026-09-24,24.15,25.72,24.836,37.95868048314555,-0.1432444060311972,0.0584856006525932,5601600,5611625.0,False,True,False,False,False,1,Không đạt
VNS,HOSE,2026-09-24,6.35,6.469500000000001,7.098000000000001,37.92452553007646,-0.2351014895945109,-0.2785069633619363,1500,11555.0,False,False,False,True,False,1,Không đạt
HEP,UPCOM,2026-09-23,10.8,10.95,11.272,37.81554831014101,-0.1392440551736378,-0.1628975591259911,200,1810.0,False,False,False,True,False,1,Không đạt
LAW,UPCOM,2026-09-24,17.0,24.025,26.268,37.798187193441095,-1.725406607967706,-1.13861653916933,5000,925.0,False,False,False,False,True,1,Không đạt
L14,HNX,2026-09-24,18.7,19.815,19.722,37.79707195088777,-0.3648008153530284,-0.2550583101240511,36500,43050.0,False,True,False,False,False,1,Không đạt
APS,HNX,2026-09-24,5.7,6.075,6.098,37.76665810689032,-0.0329331118585169,-0.0229519507767451,964900,372250.0,False,False,False,False,True,1,Không đạt
LMH,UPCOM,2026-09-18,0.9,1.12,1.2060000000000002,37.34854148903029,-0.0946754477544333,-0.0675630075478053,62000,46340.0,False,False,False,False,True,1,Không đạt
DIG,HOSE,2026-09-24,9.83,10.289365,10.259166,37.28028643007376,-0.122233464261658,-0.0946262982369708,2714800,4362500.0,False,True,False,False,False,1,Không đạt
POW,HOSE,2026-09-24,12.5,12.795,13.272,37.266027873067465,-0.2170802336658486,-0.2371470367021816,4132100,6293770.0,False,False,False,True,False,1,Không đạt
VTJ,HNX,2026-09-23,3.4,3.865,3.856,37.20302993059811,0.0189971562262907,0.0528212759994478,100,1510.0,False,True,False,False,False,1,Không đạt
HUT,HNX,2026-09-24,12.7,12.9,13.656,37.06403926585613,-0.2254965755161713,-0.2771259266978133,932200,1472095.0,False,False,False,True,False,1,Không đạt
DLT,UPCOM,2026-09-24,5.5,10.85426,12.828408,37.03073532055184,-1.0618788720273074,-0.6253862688366092,4000,821.45,False,False,False,False,True,1,Không đạt
DCS,UPCOM,2026-09-18,0.6,0.6900000000000001,0.918,37.01951635537589,-0.0874328467166168,-0.0970068352587541,47500,172615.0,False,False,False,True,False,1,Không đạt
NHA,HOSE,2026-09-24,7.0,7.455499999999999,7.952256,36.989011217363775,-0.3077614472174534,-0.3215747391622386,80900,85220.0,False,False,False,True,False,1,Không đạt
DXV,HOSE,2026-09-21,3.2,3.4125,3.6282,36.986297435143605,-0.1227977934102062,-0.1075806374110175,1600,680.0,False,False,False,False,True,1,Không đạt
VPS,HOSE,2026-09-24,8.29,8.6745,8.819436,36.860063516793325,-0.0827574975004505,-0.0667318029274505,12900,5060.0,False,False,False,False,True,1,Không đạt
PDR,HOSE,2026-09-24,11.5,11.94,12.099,36.6381384364257,-0.2204134688999151,-0.2126151315422755,4285100,3821815.0,False,False,False,False,True,1,Không đạt
OGC,HOSE,2026-09-24,2.08,2.1545,2.2030000000000003,36.53730137506662,-0.042855838820059,-0.0443650948111309,80900,224275.0,False,False,False,True,False,1,Không đạt
GSM,UPCOM,2026-09-24,23.5,24.64,25.464466,36.53568231532357,-0.2080637767453304,-0.2145008258484974,100,1020.0,False,False,False,True,False,1,Không đạt
CKV,HNX,2026-09-24,13.0,15.59,15.706,36.525744919609885,-0.6873995911046542,-0.2251496492086727,5000,4515.0,False,False,False,False,True,1,Không đạt
PDN,HOSE,2026-09-24,84.0,85.564345,90.2877,36.4244970632929,-1.861526793437818,-2.0081313141471733,1600,12850.0,False,False,False,True,False,1,Không đạt
PLO,UPCOM,2026-09-24,3.1,3.835,3.692,36.41599921941432,-0.094860332345616,-0.0028566843788675,100,1990.0,False,True,False,False,False,1,Không đạt
DBC,HOSE,2026-09-24,15.75,16.5125,16.489,36.14814197616074,-0.2525363271465188,-0.1986860249139213,1012500,1631075.0,False,True,False,False,False,1,Không đạt
SDU,HNX,2026-09-17,6.8,7.605000000000001,12.806,36.14074052485641,-1.630230272523307,-1.8888834420664569,100,475.0,False,False,False,True,False,1,Không đạt
MPC,UPCOM,2026-09-24,13.9,14.215,14.68,36.03056404903759,-0.2670628770291348,-0.267388741599307,12100,12905.0,False,False,False,True,False,1,Không đạt
CMN,UPCOM,2026-09-24,16.1,16.49,18.402,36.028538833840614,-0.5907685446271991,-0.7164122852737758,1600,3695.0,False,False,False,True,False,1,Không đạt
PSI,HNX,2026-09-24,8.1,8.395,9.18,35.72477012418568,-0.2567502541665512,-0.2885743784551829,98600,102020.0,False,False,False,True,False,1,Không đạt
EFI,UPCOM,2026-09-23,2.0,2.2350000000000003,2.834,35.71355309575654,-0.235961349627952,-0.2397779072146456,34500,58350.0,False,False,False,True,False,1,Không đạt
DSH,UPCOM,2026-09-24,11.8,12.175,12.83,35.68160705268245,-0.3030573691280658,-0.3129927730184856,68200,84050.0,False,False,False,True,False,1,Không đạt
CCL,HOSE,2026-09-24,3.44,3.533,3.6536,35.68125765432819,-0.0607879039972467,-0.0645282949342289,12100,34390.0,False,False,False,True,False,1,Không đạt
PGT,HNX,2026-09-24,5.1,6.1850000000000005,6.428,35.65336995349584,-0.293230516921624,-0.1868327366963,2500,2295.0,False,False,False,False,True,1,Không đạt
BDW,UPCOM,2026-09-15,23.0,25.24022,25.320596,35.56949974016152,-0.1618607537968301,-0.036192121919275,2000,560.0,False,False,False,False,True,1,Không đạt
VC2,HNX,2026-09-24,3.1,3.25,3.59,35.4510331658781,-0.1476679645883369,-0.1641154292638479,22600,52705.0,False,False,False,True,False,1,Không đạt
TDG,HOSE,2026-09-24,2.15,2.2685000000000004,2.3888,35.39474967965063,-0.0513560874481511,-0.0498241581179163,154400,27665.0,False,False,False,False,True,1,Không đạt
ILS,UPCOM,2026-09-24,18.0,18.8,19.552,35.258480628470224,-0.4573248638521789,-0.4410455952162447,6400,3520.0,False,False,False,False,True,1,Không đạt
IJC,HOSE,2026-09-24,6.81,7.057,7.275799999999999,35.23064865522406,-0.1731263525485982,-0.1745431280559896,702500,1180190.0,False,False,False,True,False,1,Không đạt
PCF,UPCOM,2026-09-23,2.4,2.68,2.958,35.21089418361433,-0.1878247349331689,-0.1723681231735623,1500,490.0,False,False,False,False,True,1,Không đạt
IDI,HOSE,2026-09-24,4.69,4.8185,4.8654,35.1935639278684,-0.0625971785407726,-0.0597410585757467,197700,173680.0,False,False,False,False,True,1,Không đạt
DTT,HOSE,2026-09-08,15.8,17.296045,16.083606,35.15739846461993,0.2700136054182991,0.4940469024575067,100,580.0,False,True,False,False,False,1,Không đạt
ICG,HNX,2026-09-24,10.2,10.405,12.722,35.01151363631432,-0.7034873898567895,-0.8630308428528332,1200,8625.0,False,False,False,True,False,1,Không đạt
VBH,UPCOM,2026-09-23,7.4,13.97,12.824000000000002,34.8126086896207,-1.414316129004165,-0.2381972016674286,100,775.0,False,True,False,False,False,1,Không đạt
PPC,HOSE,2026-09-24,8.75,8.8425,8.915,34.74084890756755,-0.0542621911135334,-0.0548791696235963,61500,72295.0,False,False,False,True,False,1,Không đạt
HGM,HNX,2026-09-24,109.1,112.585,121.206476,34.65822356639448,-3.299150683255874,-3.692828138944198,1600,2530.0,False,False,False,True,False,1,Không đạt
BWE,HOSE,2026-09-24,40.85,41.8275,42.953952,34.48816772955847,-0.4786049386585489,-0.4453085725410096,37300,23665.0,False,False,False,False,True,1,Không đạt
AGG,HOSE,2026-09-24,9.86,10.27662,10.241622,34.42321175373431,-0.1159512452156334,-0.066844639956043,165600,280805.0,False,True,False,False,False,1,Không đạt
UEM,UPCOM,2026-09-11,9.0,13.99197,14.138693999999996,34.402812550173905,-1.5271527400338751,-0.6953861455447564,1000,723.25,False,False,False,False,True,1,Không đạt
SJE,HNX,2026-09-24,10.7,11.65,11.528,34.25477420181697,-0.3340683496609351,-0.2056772076452647,15900,25335.0,False,True,False,False,False,1,Không đạt
VND,HOSE,2026-09-24,14.5,15.565,16.264,34.20071132705529,-0.5231169359819905,-0.467763034045075,11487600,10093210.0,False,False,False,False,True,1,Không đạt
LGL,HOSE,2026-09-24,4.38,4.706,4.887,34.02127766513368,-0.0918327199411139,-0.0810821003891274,51200,17230.0,False,False,False,False,True,1,Không đạt
VC7,HNX,2026-09-24,6.8,7.055,7.284,33.92336267695734,-0.1360700937226076,-0.1286787358432646,129000,53065.0,False,False,False,False,True,1,Không đạt
MHC,HOSE,2026-09-24,7.0,7.4385,7.895023999999999,33.81318382331196,-0.2192738019922924,-0.1986786766385877,20400,13175.0,False,False,False,False,True,1,Không đạt
APG,HOSE,2026-09-24,4.46,4.7090000000000005,4.7406,33.445735159393834,-0.089877306426092,-0.0664911484420274,205500,175350.0,False,False,False,False,True,1,Không đạt
DDH,UPCOM,2026-09-10,2.7,5.693545,9.732008,33.179306444064224,-1.8543290496662808,-1.7415903880679586,4400,3790.15,False,False,False,False,True,1,Không đạt
PAC,HOSE,2026-09-24,14.1,14.579999999999998,15.409,33.15662627498996,-0.4309563018348932,-0.4579476518637859,88300,129140.0,False,False,False,True,False,1,Không đạt
CTI,HOSE,2026-09-24,15.65,16.232499999999998,16.863447999999998,33.12257590804026,-0.4300016788525482,-0.4096165082283625,281700,228755.0,False,False,False,False,True,1,Không đạt
LO5,UPCOM,2026-09-18,0.3,0.435,0.662,32.47598231507426,-0.0774033638848674,-0.0790113652629925,500,6735.0,False,False,False,True,False,1,Không đạt
DNM,UPCOM,2026-09-09,5.0,6.3,8.76,32.37357478819057,-1.226314455573144,-1.2339040919223312,500,1255.0,False,False,False,True,False,1,Không đạt
PVL,UPCOM,2026-09-18,1.9,2.465,2.908,32.15481615144891,-0.266138602353942,-0.2256064853951395,321000,155575.0,False,False,False,False,True,1,Không đạt
CTF,HOSE,2026-09-24,19.2,20.6025,19.531,32.11728344585738,0.0194780457875829,0.311734439889696,245600,290460.0,False,True,False,False,False,1,Không đạt
PTB,HOSE,2026-09-24,28.75,30.22595,31.503196000000003,31.83606393694272,-0.8840251246980344,-0.7770057678345631,178500,116615.0,False,False,False,False,True,1,Không đạt
PXI,UPCOM,2026-09-18,0.5,0.7050000000000001,0.9600000000000002,31.788852721773623,-0.1125802235774822,-0.1072255565407672,263200,73240.0,False,False,False,False,True,1,Không đạt
HBC,UPCOM,2026-09-24,3.5,3.7,4.036,31.700935663677484,-0.1700664948287586,-0.1745153171823298,414700,687305.0,False,False,False,True,False,1,Không đạt
GEG,HOSE,2026-09-24,12.1,12.495,12.395,31.66724445329166,-0.0863141535595399,-0.0457063102210707,127600,161550.0,False,True,False,False,False,1,Không đạt
BTH,UPCOM,2026-09-24,18.8,19.48,20.074418,31.63878694607135,-0.3566010546036935,-0.3006702199531962,2600,1830.0,False,False,False,False,True,1,Không đạt
VPG,HOSE,2026-09-24,1.43,1.6045000000000005,1.771,31.52173276531181,-0.1319557500357602,-0.1157181103840244,598400,228665.0,False,False,False,False,True,1,Không đạt
VCS,HNX,2026-09-24,30.7,31.405,32.446,31.402024418066404,-0.5211058428233315,-0.5351855517254326,12100,37290.0,False,False,False,True,False,1,Không đạt
HSG,HOSE,2026-09-24,10.0,10.41,10.639,31.31851527931822,-0.2052590710554884,-0.1833526479220788,2811000,2257390.0,False,False,False,False,True,1,Không đạt
KSQ,UPCOM,2026-09-18,0.9,1.02,1.642,30.39117555253044,-0.2065578140764168,-0.2342872813503397,7300,79530.0,False,False,False,True,False,1,Không đạt
NAU,UPCOM,2026-09-03,5.0,13.87,10.74082,30.345011238384785,-1.678895287488153,-0.0712404789500247,300,885.0,False,True,False,False,False,1,Không đạt
ACE,UPCOM,2026-09-23,29.0,33.49393,33.574054000000004,30.196127059532188,-0.8221903951913703,-0.3563617749347045,9400,4040.0,False,False,False,False,True,1,Không đạt
CKA,UPCOM,2026-09-24,50.4,55.54045,55.44606000000001,29.920605656147785,-1.496928901129067,-0.6024493757479226,6000,23860.0,False,True,False,False,False,1,Không đạt
MVB,HNX,2026-09-24,12.6,14.895,15.476,29.61899658527267,-0.7361798221255427,-0.4699606569908864,9200,1980.0,False,False,False,False,True,1,Không đạt
DWC,UPCOM,2026-09-24,12.6,18.5,17.69492,29.549239280098107,-1.0760456013075164,-0.0559936966110167,100,1085.0,False,True,False,False,False,1,Không đạt
BWS,UPCOM,2026-09-24,28.5,30.545,31.896000000000004,29.482776621567027,-0.9188099736213288,-0.7595938057649301,19300,19000.0,False,False,False,False,True,1,Không đạt
VFG,HOSE,2026-09-24,43.0,43.93,45.01,29.40576166699437,-0.537302406637032,-0.5080535757778674,2600,2005.0,False,False,False,False,True,1,Không đạt
CAP,HNX,2026-09-24,40.4,41.82,43.554,29.377118928238573,-0.9450023563434726,-0.873036227836302,22100,13370.0,False,False,False,False,True,1,Không đạt
TCX,HOSE,2026-09-24,30.0,32.452405000000006,33.168486,29.36635919860825,-0.8059572094364604,-0.5771240470126495,3451700,2341580.0,False,False,False,False,True,1,Không đạt
TVC,HNX,2026-09-24,7.2,7.470000000000001,7.944000000000001,28.9226562612525,-0.2434360744682431,-0.2496169128315835,2200,6775.0,False,False,False,True,False,1,Không đạt
CEN,UPCOM,2026-09-18,1.5,1.595,1.894,28.180869523413847,-0.1066987488386299,-0.1171306981519924,7800,18080.0,False,False,False,True,False,1,Không đạt
VPH,HOSE,2026-09-24,2.79,2.9605,3.082,27.77310558859948,-0.0790122936282387,-0.0689616806570112,36600,22095.0,False,False,False,False,True,1,Không đạt
SGN,HOSE,2026-09-24,52.0,53.035,54.032,27.27197892644287,-0.5337519320666289,-0.4904100262618183,7200,6595.0,False,False,False,False,True,1,Không đạt
MFS,UPCOM,2026-09-24,27.7,29.035,30.022,26.081471532824335,-0.7504322723695154,-0.6585289174802945,8300,5090.0,False,False,False,False,True,1,Không đạt
DC4,HOSE,2026-09-24,6.3,6.601999999999999,6.6654,26.056509087204688,-0.093828081238505,-0.0764842202897069,289500,94605.0,False,False,False,False,True,1,Không đạt
API,HNX,2026-09-24,4.8,5.44,5.59,25.900684953345788,-0.1428078610802821,-0.0898855698992578,221000,88075.0,False,False,False,False,True,1,Không đạt
SKG,HOSE,2026-09-24,7.15,7.5125,7.653199999999999,25.43909963631816,-0.1305546186209927,-0.1070278353820819,100900,39215.0,False,False,False,False,True,1,Không đạt
HAR,HOSE,2026-09-24,2.42,2.5285,2.7496000000000005,25.150219705596328,-0.0996491315649765,-0.1045149961968122,35100,49835.0,False,False,False,True,False,1,Không đạt
NKG,HOSE,2026-09-24,9.7,10.4085,10.7304,24.67710858212345,-0.309000930552088,-0.2588522478628463,1995000,1526030.0,False,False,False,False,True,1,Không đạt
SMA,HOSE,2026-09-24,6.1,6.673,7.8546,24.596973799535945,-0.5063626897582294,-0.5255866219134226,200,500.0,False,False,False,True,False,1,Không đạt
VGS,HNX,2026-09-24,15.5,17.03,17.73,23.90176215302742,-0.6304974410725919,-0.5450117418803619,159600,95645.0,False,False,False,False,True,1,Không đạt
HHV,HOSE,2026-09-24,9.15,9.681,9.9286,23.64789941691201,-0.2305907188632261,-0.1951743112674208,2526900,2393990.0,False,False,False,False,True,1,Không đạt
FID,HNX,2026-09-18,1.2,1.4549999999999996,1.7520000000000002,23.487488711620443,-0.1210164326035918,-0.1132891706815508,370100,174505.0,False,False,False,False,True,1,Không đạt
LPS,HOSE,2026-09-24,21.35,23.2425,,23.25055611443787,-2.0796187171156117,-2.1996563684331165,769800,1288065.0,False,False,False,True,False,1,Không đạt
F88,UPCOM,2026-09-24,54.3,61.115,66.322,23.200737407509564,-2.620861653613374,-2.305466415930825,314800,140800.0,False,False,False,False,True,1,Không đạt
VCG,HOSE,2026-09-24,14.05,15.1,15.59,22.888812381701527,-0.4847425596240047,-0.4099590306172954,2337300,2123055.0,False,False,False,False,True,1,Không đạt
BKG,HOSE,2026-09-24,1.7,1.8515,2.0094,22.73558086985273,-0.0838703590269529,-0.0772923037379644,292500,147520.0,False,False,False,False,True,1,Không đạt
IDJ,HNX,2026-09-24,3.2,3.505,3.662,19.58823720645225,-0.1192922179527569,-0.0973870995154813,576400,336845.0,False,False,False,False,True,1,Không đạt
SD7,UPCOM,2026-09-18,1.7,2.715,2.8140000000000005,19.30672380416941,-0.2107107373407784,-0.096866131717315,9700,4780.0,False,False,False,False,True,1,Không đạt
JVC,HOSE,2026-09-24,2.72,2.864,2.9688,17.430340227131083,-0.0761994883627323,-0.0688387684291822,222900,117785.0,False,False,False,False,True,1,Không đạt
TDC,HOSE,2026-09-24,6.38,6.991999999999999,7.172000000000001,17.386487056198206,-0.2049421021739537,-0.1803285742876879,198400,45745.0,False,False,False,False,True,1,Không đạt
TOS,UPCOM,2026-09-24,76.0,89.77000000000001,105.024,16.040481216360675,-7.157350650176198,-7.047467212981081,84700,23790.0,False,False,False,False,True,1,Không đạt
S74,UPCOM,2026-09-09,15.0,16.105,16.232,15.8671288040741,-0.2350755838728222,-0.0775194024168003,11300,3935.0,False,False,False,False,True,1,Không đạt
ECO,UPCOM,2026-09-22,14.6,18.05,21.302,13.186114106642108,-2.183053907962499,-1.935761857619699,7400,1135.0,False,False,False,False,True,1,Không đạt
BNA,HNX,2026-09-18,1.9,3.935,5.164,12.842798874983202,-1.0558929793508165,-0.8588742554124016,4185300,478965.0,False,False,False,False,True,1,Không đạt
TLH,HOSE,2026-09-24,3.45,3.7105,3.8864,10.898303739802104,-0.1272980707698319,-0.1116525491927302,108600,107925.0,False,False,False,False,True,1,Không đạt
THN,UPCOM,2026-09-08,5.6,,,,0.6291716622493162,0.2372383484104976,100,,False,False,False,True,False,1,Không đạt
PBP,HNX,2026-09-22,10.4,10.435495,10.497054,49.91652722851921,-0.0941178036522032,-0.0698835459244577,800,1280.0,False,False,False,False,False,0,Không đạt
GLT,HNX,2026-09-24,29.0,29.035,29.108578,49.8349477069734,0.0771380762982403,0.1631034719458687,200,2115.0,False,False,False,False,False,0,Không đạt
MQN,UPCOM,2026-09-23,18.8,19.04,19.298,49.112026490968496,-0.0691531841396475,-0.0209276066505842,800,850.0,False,False,False,False,False,0,Không đạt
TTH,HNX,2026-09-24,2.1,2.115,2.116,48.82116731615208,0.0029654773927112,0.0106880585343007,156200,290195.0,False,False,False,False,False,0,Không đạt
NXT,UPCOM,2026-09-24,3.5,3.565,3.806,48.36971590391976,-0.1225973412235288,-0.1145312229909264,100,1390.0,False,False,False,False,False,0,Không đạt
HPP,UPCOM,2026-09-18,64.9,66.41999999999999,67.340828,48.20563480019303,-1.027878576473242,-0.7174218306516682,1200,2080.0,False,False,False,False,False,0,Không đạt
SJM,UPCOM,2026-09-22,6.9,7.075,7.432,48.12459331248852,-0.1181733359076693,-0.0737443919471365,300,8755.0,False,False,False,False,False,0,Không đạt
CMT,UPCOM,2026-09-24,10.4,10.4,11.418,48.018316290674015,-0.3931104250254602,-0.3453394097091994,800,2470.0,False,False,False,False,False,0,Không đạt
MBT,UPCOM,2026-09-24,8.9,9.135,9.164,48.010249807768105,0.0475717499556651,0.0980236131443965,400,890.0,False,False,False,False,False,0,Không đạt
APC,UPCOM,2026-09-24,5.5,5.709999999999999,5.7780000000000005,47.74574011393784,-0.1269327081325286,-0.1075759511950184,100,2765.0,False,False,False,False,False,0,Không đạt
DAT,HOSE,2026-09-21,7.8,7.8985,8.000599999999999,47.74355795488487,-0.0964794259105428,-0.0731508211662232,300,2860.0,False,False,False,False,False,0,Không đạt
SD3,UPCOM,2026-09-23,8.4,8.764999999999999,8.931999999999999,47.66322282226615,-0.109184225100444,-0.0881235639012363,1300,3860.0,False,False,False,False,False,0,Không đạt
KTS,HNX,2026-09-24,19.9,19.94,20.158,47.61720179391261,0.1282886469930844,0.1468935926120872,200,14865.0,False,False,False,False,False,0,Không đạt
PSP,UPCOM,2026-09-24,16.2,16.994999999999997,17.144000000000002,47.59384121991636,-0.4122951456189661,-0.3285547920809737,100,1765.0,False,False,False,False,False,0,Không đạt
CQT,UPCOM,2026-09-23,6.4,6.466745,7.042958,47.51290700288909,-0.1620476036519731,-0.158999440898427,300,980.0,False,False,False,False,False,0,Không đạt
TXM,HNX,2026-09-24,4.2,4.29,4.474,47.49452057241911,-0.0669394462098802,-0.0511830832747437,700,4155.0,False,False,False,False,False,0,Không đạt
SED,HNX,2026-09-24,15.1,15.23,15.258,47.34323612222458,-0.0452318776923323,-0.0303483458183732,800,2685.0,False,False,False,False,False,0,Không đạt
GIC,HNX,2026-09-24,11.3,11.595,11.792,47.30993382601456,-0.1104917454899379,-0.1020928648238521,100,1250.0,False,False,False,False,False,0,Không đạt
VNA,UPCOM,2026-09-23,13.7,13.97,14.0437,47.19194317406157,-0.1170851802696653,-0.100267161093781,200,1190.0,False,False,False,False,False,0,Không đạt
NTT,UPCOM,2026-09-18,9.3,9.45,9.522,46.87620801705429,-0.0498633350736259,-0.0380347985856265,100,1295.0,False,False,False,False,False,0,Không đạt
BCA,UPCOM,2026-09-24,18.4,19.215,19.576,46.8757647492866,-0.3855211746301528,-0.2517481825816125,100,1775.0,False,False,False,False,False,0,Không đạt
INN,HNX,2026-09-24,35.8,36.065,36.216,46.86087244648196,-0.1511940311269342,-0.1221018188710305,200,8670.0,False,False,False,False,False,0,Không đạt
USC,UPCOM,2026-09-14,9.8,10.49,10.559546,46.55083715559346,-0.3104826373105016,-0.1651226945897448,1000,2540.0,False,False,False,False,False,0,Không đạt
FGL,UPCOM,2026-09-14,4.9,6.55,,46.50900978543196,-1.468138817876515,-1.423565597182031,100,215.0,False,False,False,False,False,0,Không đạt
UPS,UPCOM,2026-09-04,21.6,26.31,,46.46585724456482,-0.8332698664379237,0.2328772207847684,200,245.0,False,False,False,False,False,0,Không đạt
PBC,UPCOM,2026-09-24,5.2,5.26,5.288,46.30946089438584,-0.0370867864776576,-0.028650410552188,2100,6210.0,False,False,False,False,False,0,Không đạt
HMD,UPCOM,2026-08-26,14.0,15.175,16.523526,46.17227716341039,-0.686876134774348,-0.6533085188038122,1000,1285.0,False,False,False,False,False,0,Không đạt
PJS,UPCOM,2026-09-14,22.0,24.38466,27.707934,46.13973394084738,-1.1951009594801256,-0.7179770013541844,100,290.0,False,False,False,False,False,0,Không đạt
IPA,HNX,2026-09-24,12.9,13.070000000000002,13.129856,46.04958554465743,-0.1390435612562655,-0.1295297700284002,19400,44190.0,False,False,False,False,False,0,Không đạt
VNC,HNX,2026-09-24,35.2,36.115,36.128,45.91327730946374,-0.3557443917101466,-0.1794709452631939,1200,1725.0,False,False,False,False,False,0,Không đạt
PSW,HNX,2026-09-24,7.4,7.45,7.467312,45.77010825038979,-0.0136625647140871,-0.006784662055594,5700,6610.0,False,False,False,False,False,0,Không đạt
PXM,UPCOM,2026-09-18,0.4,0.4549999999999999,0.512,45.74710128433419,-0.0450108608260433,-0.0345483567311278,9000,36770.0,False,False,False,False,False,0,Không đạt
C92,UPCOM,2026-09-24,3.5,3.56,3.708,45.73515061103264,-0.0475274429833638,-0.0428389917453133,200,530.0,False,False,False,False,False,0,Không đạt
VAV,UPCOM,2026-09-18,31.3,32.359815,32.556732,45.70443663259068,-0.475264591401622,-0.3175437679168722,100,350.0,False,False,False,False,False,0,Không đạt
HJC,UPCOM,2026-09-23,6.5,6.93,7.504,45.68135097500375,-0.1761852381516346,-0.171708267011062,200,1685.0,False,False,False,False,False,0,Không đạt
C32,HOSE,2026-09-24,15.05,15.4425,15.818634,45.58500995514834,-0.1121976785585143,-0.0777489547733662,500,4210.0,False,False,False,False,False,0,Không đạt
NVT,HOSE,2026-09-24,7.0,7.24,7.4406,45.492893612751686,-0.0722468136257061,-0.0555772991549338,200,1130.0,False,False,False,False,False,0,Không đạt
CAD,UPCOM,2026-09-18,0.4,0.445,0.496,45.24815852170629,-0.0295077650210346,-0.0244779151455206,7300,15500.0,False,False,False,False,False,0,Không đạt
TFC,HNX,2026-09-21,41.8,43.17118,45.077802,45.15323096463324,-1.169141745810741,-1.098015444738392,600,2160.0,False,False,False,False,False,0,Không đạt
NHC,HNX,2026-09-16,18.6,20.098715,20.305166,45.131069458239175,-0.181854645091974,-0.0186520112773481,100,315.0,False,False,False,False,False,0,Không đạt
SBH,UPCOM,2026-09-24,38.4,38.65,38.77,45.09235692547089,-0.111460058908527,-0.0940257039198782,700,1130.0,False,False,False,False,False,0,Không đạt
PTV,UPCOM,2026-09-24,4.5,4.68,4.716,44.98752824273126,-0.0112832360406516,-0.0001796792188511,10400,11845.0,False,False,False,False,False,0,Không đạt
POM,UPCOM,2026-09-18,3.4,3.78,3.956,44.90699364043238,-0.2269353962704805,-0.2006836357733592,1974700,3455005.0,False,False,False,False,False,0,Không đạt
DHP,HNX,2026-09-21,10.3,10.425,10.477458,44.89812118600093,-0.0432283480227866,-0.0218599534395171,200,1835.0,False,False,False,False,False,0,Không đạt
MZG,HOSE,2026-09-24,11.9,12.3125,,44.89027746040539,-0.0946898895363155,-0.0157247189739302,213000,547370.0,False,False,False,False,False,0,Không đạt
OCH,HNX,2026-09-24,6.3,6.534999999999999,6.541999999999999,44.88032004055937,-0.0642749342444455,-0.0520981853096986,36900,56670.0,False,False,False,False,False,0,Không đạt
PIC,HNX,2026-09-23,13.4,13.76,13.946194,44.88023319961272,-0.0773172718064341,-0.0766893218637105,300,1310.0,False,False,False,False,False,0,Không đạt
HPD,UPCOM,2026-09-24,16.1,16.225,16.238,44.75046310490009,-0.0131924589222727,-0.0018700007579577,2000,7180.0,False,False,False,False,False,0,Không đạt
HLC,HNX,2026-09-24,9.9,10.14,10.312,44.71638374973282,-0.1159584659570516,-0.0999851757201104,1000,5265.0,False,False,False,False,False,0,Không đạt
PEQ,UPCOM,2026-09-23,41.5,43.34,44.483216,44.7049079247762,-1.0033252135699868,-0.9269026035573428,400,820.0,False,False,False,False,False,0,Không đạt
HKB,UPCOM,2026-09-18,0.4,0.445,0.508,44.55810725458887,-0.0407890267477264,-0.0340822114617596,7400,132280.0,False,False,False,False,False,0,Không đạt
HU4,UPCOM,2026-09-23,8.2,8.460194999999999,8.523812,44.545015637426935,-0.0715706655994647,-0.0260266806654201,2900,4160.0,False,False,False,False,False,0,Không đạt
YBC,UPCOM,2026-09-24,6.1,7.025,7.212,44.537332054191104,-0.2149684814149015,-0.1279374454227229,200,350.0,False,False,False,False,False,0,Không đạt
VES,UPCOM,2026-09-23,21.9,25.335,25.872,44.52350337973573,-1.3309469510485457,-0.8067912335950778,100,1405.0,False,False,False,False,False,0,Không đạt
CMM,UPCOM,2026-09-24,15.5,16.595000000000002,17.858,44.50518604402331,-0.7932827348216378,-0.7452476566562043,900,5260.0,False,False,False,False,False,0,Không đạt
VCF,HOSE,2026-09-24,289.0,293.37,293.514,44.435897546060886,0.1756241194043468,0.4703195900530181,100,240.0,False,False,False,False,False,0,Không đạt
NAS,UPCOM,2026-09-24,29.5,30.485,31.45,44.42031789238093,-0.3159590422451401,-0.2959443712248328,1200,15455.0,False,False,False,False,False,0,Không đạt
HMR,HNX,2026-09-24,9.0,9.445,9.66,44.4014587006238,-0.1253264408817465,-0.1117356596326338,1400,5095.0,False,False,False,False,False,0,Không đạt
VCM,HNX,2026-09-23,5.9,6.15,7.038,44.31621478636952,-0.3654144855238712,-0.3572708960775314,200,2355.0,False,False,False,False,False,0,Không đạt
CIA,HNX,2026-09-24,9.1,9.22,9.374,44.20637661884034,-0.0833036392842618,-0.0749794926446727,1200,8215.0,False,False,False,False,False,0,Không đạt
PCM,UPCOM,2026-09-24,12.5,14.560000000000002,14.798,44.032321369870594,-0.7003444553875386,-0.4106739947868856,500,1795.0,False,False,False,False,False,0,Không đạt
HD2,UPCOM,2026-09-17,8.0,8.895,9.244,43.92639731363662,-0.3645259095414559,-0.269955113036266,200,1645.0,False,False,False,False,False,0,Không đạt
AIC,UPCOM,2026-09-21,8.0,8.43,8.818,43.92607660912486,-0.1768600046895354,-0.1583936958516316,200,515.0,False,False,False,False,False,0,Không đạt
VSI,HOSE,2026-09-24,17.8,19.0025,19.07,43.88906769240172,-0.0617643102677796,-0.0525422045904374,100,1920.0,False,False,False,False,False,0,Không đạt
VGG,UPCOM,2026-09-24,36.9,38.455,38.676,43.85989123727125,-0.5485766405757246,-0.3334428506869611,200,2535.0,False,False,False,False,False,0,Không đạt
TSD,UPCOM,2026-09-24,3.0,3.315,3.398,43.838285636753646,-0.0899650172790371,-0.0726685214197473,1100,1605.0,False,False,False,False,False,0,Không đạt
PTT,UPCOM,2026-09-15,7.5,8.615,8.936,43.63734063615664,-0.2625724166067886,-0.1494814385827803,800,1125.0,False,False,False,False,False,0,Không đạt
C69,HNX,2026-09-24,16.3,16.695,17.304,43.6209956306217,-0.2821787178792547,-0.2737994280875175,117100,373620.0,False,False,False,False,False,0,Không đạt
HND,UPCOM,2026-09-24,9.3,9.385,9.53,43.59299642570654,-0.0979225504240304,-0.0977753377663437,2100,6345.0,False,False,False,False,False,0,Không đạt
PPP,HNX,2026-09-22,18.2,18.37,18.374,43.58775427964754,0.0156618218332624,0.0360080215177241,300,1340.0,False,False,False,False,False,0,Không đạt
VCK,HOSE,2026-09-24,28.75,29.4375,29.95,43.51382810316511,-0.4288171689082851,-0.4176331090174758,1697200,2211990.0,False,False,False,False,False,0,Không đạt
CLH,HNX,2026-09-24,20.0,20.26,20.302,43.347476918824114,-0.1047564307051018,-0.0773321781561869,700,2090.0,False,False,False,False,False,0,Không đạt
HTE,UPCOM,2026-09-24,2.6,2.695,2.72,43.2937072592438,-0.0208320885588575,-0.0132738742143978,1900,3325.0,False,False,False,False,False,0,Không đạt
UDC,UPCOM,2026-09-24,2.6,2.805,2.818,43.20848344005409,-0.0454417684084202,-0.0187572893091111,700,16190.0,False,False,False,False,False,0,Không đạt
DCT,UPCOM,2026-09-18,0.4,0.51,0.582,43.193061804395086,-0.0502658424114304,-0.0401311996848394,5100,33955.0,False,False,False,False,False,0,Không đạt
CTS,HOSE,2026-09-24,21.55,22.207500000000003,22.559,42.98506370306732,-0.3377386360149081,-0.3131053525455257,866400,1372330.0,False,False,False,False,False,0,Không đạt
KHP,HOSE,2026-09-24,9.42,9.597,9.601378,42.95435537790531,-0.0726567912363602,-0.0507849716499119,1800,9845.0,False,False,False,False,False,0,Không đạt
VE1,HNX,2026-09-24,2.7,2.85,2.932,42.90131307573838,-0.0497766057248521,-0.0436380024393641,1300,4250.0,False,False,False,False,False,0,Không đạt
CT6,UPCOM,2026-09-24,6.1,7.5,7.577999999999999,42.8308858900864,-0.4243251438046203,-0.2716437689200456,600,770.0,False,False,False,False,False,0,Không đạt
CVT,HOSE,2026-09-24,24.6,26.1525,26.385,42.725580037916174,-0.1642810615911507,-0.0854229464691318,1900,1945.0,False,False,False,False,False,0,Không đạt
AGF,UPCOM,2026-09-18,1.8,1.885,2.046,42.70035200931273,-0.056493012338306,-0.0556881114125567,100,1900.0,False,False,False,False,False,0,Không đạt
GMC,UPCOM,2026-09-24,4.0,4.175,4.276,42.65951231782044,-0.0846736702607593,-0.0845064878396319,100,4995.0,False,False,False,False,False,0,Không đạt
ABR,HOSE,2026-09-24,10.55,11.105,11.362,42.64637209691813,-0.2422549910145335,-0.2085140321403309,100,3245.0,False,False,False,False,False,0,Không đạt
STC,HNX,2026-09-24,11.6,12.39,13.118,42.56075117450235,-0.5357173326120623,-0.5244218303510035,200,3625.0,False,False,False,False,False,0,Không đạt
SAC,UPCOM,2026-09-24,10.5,10.98,11.263445999999998,42.35634928790643,-0.3030806384002584,-0.2539201170320436,200,1135.0,False,False,False,False,False,0,Không đạt
TDT,HNX,2026-09-24,6.4,6.512195,6.519356,42.31252884298504,-0.006439070584622,0.0053618711433907,24500,42055.0,False,False,False,False,False,0,Không đạt
BMS,UPCOM,2026-09-24,12.4,12.804999999999998,13.146,42.18691643947864,-0.2672883010108382,-0.2279080333246084,3300,39730.0,False,False,False,False,False,0,Không đạt
CFV,UPCOM,2026-09-15,15.4,18.345,20.788,42.15422190697097,-1.9546390924358192,-1.6419475388570914,100,315.0,False,False,False,False,False,0,Không đạt
TRT,UPCOM,2026-09-24,7.4,9.37,12.388,42.13053607835574,-1.8854493943542163,-1.5799489078206148,100,2579.9,False,False,False,False,False,0,Không đạt
SID,UPCOM,2026-09-24,10.6,11.46,12.332,42.0917258633903,-0.352659273312879,-0.3338410585732677,1000,1265.0,False,False,False,False,False,0,Không đạt
A32,UPCOM,2026-09-21,27.7,29.29,29.77418,42.04868529981948,-0.3569376224288021,-0.2465695613500899,200,705.0,False,False,False,False,False,0,Không đạt
CTG,HOSE,2026-09-24,30.15,30.9275,31.033982,42.03851269150117,-0.2501512418055469,-0.2391585234634577,7640300,7713020.0,False,False,False,False,False,0,Không đạt
VPA,UPCOM,2026-09-18,1.7,2.0650000000000004,2.268,41.98324941203003,-0.0708939271866588,-0.049105440354331,100,1300.0,False,False,False,False,False,0,Không đạt
PVR,UPCOM,2026-09-18,0.9,1.01,1.09,41.947929813722055,-0.0474204384215706,-0.0411136168115396,800,17180.0,False,False,False,False,False,0,Không đạt
CMC,HNX,2026-09-15,8.7,9.205,9.308,41.908760253484594,-0.1753355771476545,-0.1049691346779781,1000,1225.0,False,False,False,False,False,0,Không đạt
VCI,HOSE,2026-09-24,20.1,21.05,21.175,41.88692540533893,-0.47505087414876,-0.4311466415697622,8067100,10094165.0,False,False,False,False,False,0,Không đạt
VLA,HNX,2026-09-21,7.0,8.120025,8.19345,41.81166680195814,-0.490173848673626,-0.3307748133618188,100,595.0,False,False,False,False,False,0,Không đạt
CLL,HOSE,2026-09-24,26.9,27.154999999999998,27.359630000000003,41.77530940278419,-0.1180211633135819,-0.0954367036932979,2000,4440.0,False,False,False,False,False,0,Không đạt
TOT,HNX,2026-09-24,13.8,14.075,14.51165,41.63558521211299,-0.1640638712037017,-0.1498949141329454,100,570.0,False,False,False,False,False,0,Không đạt
CCS,UPCOM,2026-09-24,6.5,7.15,7.322,41.6342746623287,-0.0622523386962354,-0.0548459642229775,3000,3160.0,False,False,False,False,False,0,Không đạt
BWA,UPCOM,2026-09-24,9.5,11.658115,11.750828000000002,41.56235974659233,-0.8787612444768129,-0.6146512993155281,100,1765.0,False,False,False,False,False,0,Không đạt
ABT,HOSE,2026-09-24,49.95,50.5225,50.57899999999999,41.49152040809226,-0.2166910394344583,-0.199244786129983,3100,4280.0,False,False,False,False,False,0,Không đạt
ACM,UPCOM,2026-09-18,0.4,0.505,0.5559999999999999,41.47466628639385,-0.0377632961979422,-0.028269096752234,50100,282740.0,False,False,False,False,False,0,Không đạt
ADC,HNX,2026-09-23,15.2,16.55,17.77488,41.40134363336482,-0.5871956739018636,-0.4948053988033352,300,765.0,False,False,False,False,False,0,Không đạt
VE9,UPCOM,2026-09-23,2.3,2.685,2.772,41.269391447475066,-0.1057653131020677,-0.0578627067682568,300,6215.0,False,False,False,False,False,0,Không đạt
SD2,UPCOM,2026-09-23,4.0,4.57,5.436,41.24668234761186,-0.4822358366676109,-0.4790150370339301,200,2665.0,False,False,False,False,False,0,Không đạt
VIF,HNX,2026-09-24,14.6,15.085,15.296,41.22434469568999,-0.1955315111863527,-0.1542534848132791,8000,10065.0,False,False,False,False,False,0,Không đạt
COM,HOSE,2026-09-24,26.75,29.325,31.971688,41.2179537384385,-1.5183879589794032,-1.3832392000110736,100,900.0,False,False,False,False,False,0,Không đạt
H11,UPCOM,2026-09-24,5.9,7.530000000000001,10.408,40.92016053824239,-1.64734748916731,-1.6165946240888345,100,235.0,False,False,False,False,False,0,Không đạt
C22,UPCOM,2026-09-21,14.3,16.385015,16.486226,40.88526740605101,-0.2171487968526442,-0.0723205338049675,1000,1275.0,False,False,False,False,False,0,Không đạt
BDT,UPCOM,2026-09-24,8.5,8.92,9.02,40.8575673519313,-0.175831537184294,-0.11561259839648,5100,6530.0,False,False,False,False,False,0,Không đạt
PVV,UPCOM,2026-09-18,1.2,1.36,1.598,40.80695301816184,-0.1048808513848154,-0.0927631174970238,500,54995.0,False,False,False,False,False,0,Không đạt
TIN,UPCOM,2026-09-24,98.6,102.595,106.526,40.79344397617053,-3.094810802107233,-2.9704740648451247,4300,15195.0,False,False,False,False,False,0,Không đạt
DXP,HNX,2026-09-24,13.2,13.614999999999998,13.764,40.77036458404821,-0.2105120871450481,-0.1930483495404106,149100,171060.0,False,False,False,False,False,0,Không đạt
VSA,HNX,2026-09-23,17.5,18.07,18.428,40.67869289499743,-0.1664090170817758,-0.1415060129079731,200,2085.0,False,False,False,False,False,0,Không đạt
VMG,UPCOM,2026-09-18,2.3,2.635,2.8420000000000005,40.67536068657998,-0.127244208176021,-0.0980493720734915,1400,8995.0,False,False,False,False,False,0,Không đạt
TTT,HNX,2026-09-23,30.9,31.6,32.052,40.65474095610858,-0.247360086331799,-0.2202041127474028,400,525.0,False,False,False,False,False,0,Không đạt
SBB,UPCOM,2026-09-24,18.5,19.54824,19.834702,40.54106129254103,-0.3133889016921927,-0.2171792840835325,24200,47640.0,False,False,False,False,False,0,Không đạt
HPG,HOSE,2026-09-24,20.8,21.4975,21.547,40.51085971817421,-0.2162058833150943,-0.1662409476702035,15528500,18042900.0,False,False,False,False,False,0,Không đạt
NOS,UPCOM,2026-09-18,0.7,0.85,0.8880000000000001,40.44714669364511,-0.0671373821314862,-0.0354959041709584,100,3685.0,False,False,False,False,False,0,Không đạt
HTC,HNX,2026-09-24,26.6,31.76,35.703959999999995,40.3664808295128,-2.629764421007067,-2.0957321065028607,100,4315.0,False,False,False,False,False,0,Không đạt
VNG,HOSE,2026-09-24,5.59,6.017,6.353400000000001,40.32512189724613,-0.2329091270381242,-0.2154113168948571,100,1910.0,False,False,False,False,False,0,Không đạt
PLC,HNX,2026-09-24,18.7,19.48,19.516,40.30816533468169,-0.2476701617647023,-0.18620062957315,76900,104745.0,False,False,False,False,False,0,Không đạt
CRV,HOSE,2026-09-18,22.1,24.085,25.538,40.22708503841585,-0.9759507753747912,-0.7888413119174695,300,1655.0,False,False,False,False,False,0,Không đạt
CDN,HNX,2026-09-24,24.8,25.165,25.372,40.16449466154831,-0.2048811791938867,-0.1937955224567925,400,2195.0,False,False,False,False,False,0,Không đạt
DTG,HNX,2026-09-24,12.6,13.645,14.118438,40.16196244519754,-0.5794856729447098,-0.4712046726471349,2100,4495.0,False,False,False,False,False,0,Không đạt
LCM,UPCOM,2026-09-18,0.6,0.6849999999999999,0.8219999999999998,40.14425105248255,-0.0751298069217043,-0.0723129989161394,54600,117210.0,False,False,False,False,False,0,Không đạt
PXT,UPCOM,2026-09-18,1.3,1.425,1.5139999999999998,40.00767744373762,-0.0820499986257785,-0.0737933974367223,3600,12330.0,False,False,False,False,False,0,Không đạt
DUS,UPCOM,2026-09-24,4.6,9.466445,,39.827190398217766,-3.0183171636210577,-2.6097142646253038,100,700.0,False,False,False,False,False,0,Không đạt
HRC,HOSE,2026-09-24,31.05,32.495,34.219,39.764474035238464,-0.9101148568092654,-0.8808502668063962,700,1120.0,False,False,False,False,False,0,Không đạt
SVT,HOSE,2026-09-24,9.0,9.38967,9.442578,39.73293485762846,-0.1112686832782934,-0.0784792462034506,200,9220.0,False,False,False,False,False,0,Không đạt
QNP,HOSE,2026-09-22,30.4,31.2725,31.493044,39.70348402324751,-0.1975211659623994,-0.1120280850741106,1400,1630.0,False,False,False,False,False,0,Không đạt
ACV,UPCOM,2026-09-24,39.4,40.290000000000006,40.338,39.6169612324333,-0.4275490400860064,-0.3783888448955138,249300,350625.0,False,False,False,False,False,0,Không đạt
ICC,UPCOM,2026-09-23,29.0,33.470000000000006,42.242,39.41096534621706,-3.747171869224857,-3.617705158209408,200,1545.0,False,False,False,False,False,0,Không đạt
VTQ,UPCOM,2026-09-24,3.9,4.58,5.394,39.3982597673708,-0.4519300636369658,-0.4069894282785177,200,835.0,False,False,False,False,False,0,Không đạt
PVH,UPCOM,2026-09-18,0.5,0.6399999999999999,0.6419999999999999,39.38877876209013,-0.0249065290558336,-0.0103613769309727,100,21200.0,False,False,False,False,False,0,Không đạt
SFI,HOSE,2026-09-23,25.5,26.765000000000004,27.028448000000004,39.33279513188533,-0.3216565378534497,-0.2106147227854964,100,1735.0,False,False,False,False,False,0,Không đạt
SBS,UPCOM,2026-09-24,4.2,4.4,4.51,39.02344569497407,-0.0923089315216056,-0.0756799152445779,308900,354090.0,False,False,False,False,False,0,Không đạt
MTV,UPCOM,2026-09-23,13.5,14.49,15.386,39.0194524477012,-0.4784030972511424,-0.4244621571557463,100,525.0,False,False,False,False,False,0,Không đạt
VC9,HNX,2026-09-23,4.3,4.43,4.482,38.971111813294655,-0.0396909849006554,-0.0332002464361787,2900,11220.0,False,False,False,False,False,0,Không đạt
NSC,HOSE,2026-09-24,63.0,65.743095,67.61403200000001,38.956188922110606,-1.0423928994865008,-0.929913091970817,300,980.0,False,False,False,False,False,0,Không đạt
CID,UPCOM,2026-09-24,7.0,7.980000000000001,8.197884,38.94507633038377,-0.328879781580266,-0.1939716699212976,800,1290.0,False,False,False,False,False,0,Không đạt
TDH,HOSE,2026-09-24,3.15,3.215,3.2902,38.63435938646423,-0.0559919965707069,-0.0548757377443656,24000,36070.0,False,False,False,False,False,0,Không đạt
PAS,UPCOM,2026-09-24,2.1,2.1750000000000003,2.3,38.5897218254585,-0.0578690992838399,-0.054707628279844,18100,36155.0,False,False,False,False,False,0,Không đạt
MIC,HNX,2026-09-24,8.5,8.99,9.766,38.42318314250632,-0.3765793365299164,-0.3682274946473655,100,1335.0,False,False,False,False,False,0,Không đạt
DAD,HNX,2026-09-24,13.4,14.460000000000004,14.812,38.40274872888092,-0.314830912869402,-0.2180837386794326,1300,1420.0,False,False,False,False,False,0,Không đạt
LTC,UPCOM,2026-09-11,1.2,1.5100000000000002,1.892,38.32679927135637,-0.2190532328844761,-0.2083805124429854,900,2095.0,False,False,False,False,False,0,Không đạt
THG,HOSE,2026-09-24,28.0,28.7,28.863,38.00964556962029,-0.3452873902260869,-0.3105476760812499,6200,12355.0,False,False,False,False,False,0,Không đạt
CTD,HOSE,2026-09-24,58.5,60.0,60.758,37.86978647547015,-1.0685135353415731,-1.060450174519537,189200,217365.0,False,False,False,False,False,0,Không đạt
QCC,UPCOM,2026-09-24,9.8,12.405,15.57214,37.83146299957097,-1.7012056550875716,-1.5531776246014843,1000,3710.0,False,False,False,False,False,0,Không đạt
MBS,HNX,2026-09-24,16.4,17.075,17.436756,37.814664900731984,-0.3000398032920195,-0.2777815296494082,2851900,2892335.0,False,False,False,False,False,0,Không đạt
GCF,UPCOM,2026-09-24,18.1,18.795,18.92,37.79973362837492,-0.1465257302263012,-0.0666971030669469,5200,15840.0,False,False,False,False,False,0,Không đạt
CSV,HOSE,2026-09-24,20.4,21.1,21.553,37.724216720843536,-0.326275216034233,-0.2924507853634593,185300,223845.0,False,False,False,False,False,0,Không đạt
ASG,HOSE,2026-09-23,16.0,16.485,16.671000000000003,37.59818628301616,-0.2107421339132429,-0.1611489406600978,200,1285.0,False,False,False,False,False,0,Không đạt
BMC,HOSE,2026-09-24,10.65,10.9875,11.284,37.562203485362,-0.1596609216455391,-0.1583749032798173,6800,7460.0,False,False,False,False,False,0,Không đạt
NTW,UPCOM,2026-09-21,15.2,17.143800000000002,18.278032,37.44898426390865,-0.7493632732103102,-0.6861318643971402,100,1080.0,False,False,False,False,False,0,Không đạt
BSI,HOSE,2026-09-24,26.55,27.7875,28.407,37.41582365145632,-0.6534626437809763,-0.5976018038685791,238300,302020.0,False,False,False,False,False,0,Không đạt
VSG,UPCOM,2026-08-28,1.1,1.505,1.6299999999999997,37.14849174190156,-0.0558149384393977,-0.0173616173411129,200,1680.0,False,False,False,False,False,0,Không đạt
L18,HNX,2026-09-24,13.9,14.575,15.27,36.99030540515252,-0.4105495430353301,-0.3655114745573019,7100,18545.0,False,False,False,False,False,0,Không đạt
L62,UPCOM,2026-09-11,1.6,2.305,2.49,36.831827967054885,-0.078867967311123,0.0164206688985838,3900,14160.0,False,False,False,False,False,0,Không đạt
NNC,HOSE,2026-09-24,37.9,39.2175,39.812228,36.80741522979955,-0.7095213519628274,-0.6133846440124988,5600,29065.0,False,False,False,False,False,0,Không đạt
L45,UPCOM,2026-09-18,1.1,1.505,1.654,36.67265205908276,-0.2110612651386441,-0.1563273874964052,1900,3810.0,False,False,False,False,False,0,Không đạt
FTM,UPCOM,2026-09-18,0.4,0.475,0.578,36.54459848520707,-0.0476016651414103,-0.0443441094107817,7500,153580.0,False,False,False,False,False,0,Không đạt
CCT,UPCOM,2026-08-28,9.0,10.73,12.218000000000002,36.03537532791143,-1.025406763198987,-0.8594028125878623,300,1115.0,False,False,False,False,False,0,Không đạt
FCM,HOSE,2026-09-24,2.9,2.9905,3.031924,35.97674534786026,-0.0439562594831675,-0.0368996013540282,11100,39305.0,False,False,False,False,False,0,Không đạt
TNI,HOSE,2026-09-24,5.11,5.4435,5.9626,35.963636716693486,-0.1887589591188332,-0.1781492589065507,51300,557075.0,False,False,False,False,False,0,Không đạt
NVP,UPCOM,2026-09-24,10.2,24.944965,27.399266,35.852270626060715,-7.100646944366396,-5.16994766160524,500,615.0,False,False,False,False,False,0,Không đạt
FTS,HOSE,2026-09-24,20.05,21.3175,21.922000000000004,35.85196132900691,-0.5553312277706262,-0.5149261002105953,580300,672780.0,False,False,False,False,False,0,Không đạt
VTR,UPCOM,2026-09-24,9.5,9.835,10.15,35.6508723392858,-0.1904279982240773,-0.1713524501872447,5000,18965.0,False,False,False,False,False,0,Không đạt
BOT,UPCOM,2026-09-18,1.4,1.6149999999999998,1.804,35.6361105980928,-0.1393186471695706,-0.1375391841256968,124800,228415.0,False,False,False,False,False,0,Không đạt
G36,UPCOM,2026-09-24,7.8,8.185,8.686,35.48222052290838,-0.2776465554654663,-0.2749776463707961,62000,81780.0,False,False,False,False,False,0,Không đạt
VHC,HOSE,2026-09-24,49.7,51.227500000000006,52.779,35.40378270907115,-0.9372093331109994,-0.886805632289286,153400,305260.0,False,False,False,False,False,0,Không đạt
MVC,UPCOM,2026-09-24,11.4,11.94684,12.232896,35.323240081437305,-0.243546954603163,-0.1841576461105819,200,12180.0,False,False,False,False,False,0,Không đạt
C47,HOSE,2026-09-24,8.25,8.7025,8.926400000000001,35.300111538948684,-0.1888713316107786,-0.1350037293547387,1500,9655.0,False,False,False,False,False,0,Không đạt
NCS,UPCOM,2026-09-24,31.5,33.910000000000004,36.057432000000006,35.090799377764526,-1.2791128101419886,-1.0759760100192377,1600,3380.0,False,False,False,False,False,0,Không đạt
SHS,HNX,2026-09-24,13.9,14.745,15.258,35.08173430021982,-0.4380071321563417,-0.4113755281019229,6145600,8012785.0,False,False,False,False,False,0,Không đạt
ITS,UPCOM,2026-09-23,3.0,3.195,3.486,35.06057651567022,-0.1334716001862173,-0.1246431284615492,1000,2480.0,False,False,False,False,False,0,Không đạt
CBS,UPCOM,2026-09-24,21.8,23.18,23.386,35.05001349433206,-0.6197947192502795,-0.4157155641181468,100,6170.0,False,False,False,False,False,0,Không đạt
KHG,HOSE,2026-09-24,4.55,4.714,4.766,34.87047534022507,-0.0761065890639347,-0.0581351762681982,1151700,1283555.0,False,False,False,False,False,0,Không đạt
CCC,HOSE,2026-09-24,6.5,6.8645,7.174,34.8173993099056,-0.2212175795973001,-0.1935655249380857,1400,2015.0,False,False,False,False,False,0,Không đạt
APF,UPCOM,2026-09-24,43.9,44.55,45.474,34.804568056455906,-0.4520303166095161,-0.4177283235730425,3300,12995.0,False,False,False,False,False,0,Không đạt
PLA,UPCOM,2026-09-24,3.4,5.0,5.371999999999999,34.79449728485139,-0.1895363248602253,0.0022744789668918,900,3310.0,False,False,False,False,False,0,Không đạt
MST,HNX,2026-09-24,9.3,9.835,9.99,34.66791848799544,-0.1908877571411675,-0.1151338415764745,352000,1085175.0,False,False,False,False,False,0,Không đạt
THD,HNX,2026-09-24,121.0,131.51,135.468,34.595867901257805,-4.350382243082905,-3.402353253241815,5600,7265.0,False,False,False,False,False,0,Không đạt
CLI,UPCOM,2026-09-24,24.8,26.630000000000003,27.03,34.59393973769758,-0.7483057844420422,-0.4323518816276582,60700,76010.0,False,False,False,False,False,0,Không đạt
HCI,UPCOM,2026-09-08,5.0,9.475,21.672000000000004,34.46221034414624,-4.847138520371951,-4.774747080771908,100,58215.2,False,False,False,False,False,0,Không đạt
PXA,UPCOM,2026-09-18,0.6,0.74,0.7839999999999999,34.40018160965049,-0.0566826997811076,-0.0391743339512762,3500,19950.0,False,False,False,False,False,0,Không đạt
DDM,UPCOM,2026-08-28,1.4,1.815,1.876,34.34667242149271,-0.1089430231902626,-0.0573827514831401,100,1565.0,False,False,False,False,False,0,Không đạt
SDG,HNX,2026-09-17,6.5,7.919999999999999,9.644282,34.23387824528527,-1.051943989848609,-0.9940316421162296,100,590.0,False,False,False,False,False,0,Không đạt
DVC,UPCOM,2026-09-24,8.0,12.675,12.8881,34.10933606783058,-0.9092524378395233,-0.375347915239352,400,530.0,False,False,False,False,False,0,Không đạt
BVB,HOSE,2026-09-24,10.5,11.181315,,34.00147905903199,-0.3369206045063073,-0.3110320364076209,733300,1025205.0,False,False,False,False,False,0,Không đạt
HVN,HOSE,2026-09-24,20.4,21.5925,22.438,33.71165392327684,-0.6307137396104707,-0.5817353793254127,575400,750965.0,False,False,False,False,False,0,Không đạt
DSC,HOSE,2026-09-24,9.8,10.2945,10.695799999999998,33.680519208835335,-0.2671071807067307,-0.2647181324659441,4900,19665.0,False,False,False,False,False,0,Không đạt
VNH,UPCOM,2026-09-18,0.6,0.8899999999999999,1.124,33.6356751291074,-0.1490829885752862,-0.1262958162723364,55100,103175.0,False,False,False,False,False,0,Không đạt
NSH,HNX,2026-09-24,4.0,4.155,4.202000000000001,33.43670250045827,-0.0393113979204908,-0.032293126026102,19300,20355.0,False,False,False,False,False,0,Không đạt
GH3,UPCOM,2026-09-17,3.2,,,33.331235858558856,-0.7757347907156209,-0.3525671348950132,500,,False,False,False,False,False,0,Không đạt
KDH,HOSE,2026-09-24,15.7,16.7175,17.444000000000003,33.10273606731907,-0.6412868837142014,-0.6187429487361052,3391400,4667995.0,False,False,False,False,False,0,Không đạt
SGD,HNX,2026-09-23,13.9,17.104999999999997,22.134,33.01140882145161,-2.540680448823551,-2.207394675929024,100,500.0,False,False,False,False,False,0,Không đạt
DLG,HOSE,2026-09-24,2.0,2.1175,2.2136,32.72228486106212,-0.0717350705431907,-0.0671766979498629,435900,469730.0,False,False,False,False,False,0,Không đạt
LSS,HOSE,2026-09-24,7.76,7.904999999999999,7.9986,32.39355209771723,-0.0779360953501626,-0.0633619226139859,27300,44630.0,False,False,False,False,False,0,Không đạt
CII,HOSE,2026-09-24,12.65,13.68,13.993,31.663635541557568,-0.4697822934983406,-0.3921242420293309,5856200,7893610.0,False,False,False,False,False,0,Không đạt
VIW,UPCOM,2026-09-24,22.7,23.64,24.393999999999995,31.49395062401373,-0.5176206001143022,-0.4678240462597234,76100,79045.0,False,False,False,False,False,0,Không đạt
HOM,HNX,2026-09-24,3.8,3.94,3.966,31.46345699910954,-0.030202026858237,-0.0155591466321113,100,2565.0,False,False,False,False,False,0,Không đạt
DVG,UPCOM,2026-09-18,0.7,0.96,1.338,31.459859079741364,-0.1623853940003206,-0.1538328043339364,84100,264745.0,False,False,False,False,False,0,Không đạt
VDS,HOSE,2026-09-24,10.5,11.315,11.861999999999998,31.423823448567887,-0.4267113974953584,-0.3942070261788903,380300,581570.0,False,False,False,False,False,0,Không đạt
HNG,UPCOM,2026-09-24,6.1,6.34,6.558,30.85644459937089,-0.1522622182457862,-0.1370819212132514,739100,814170.0,False,False,False,False,False,0,Không đạt
MEC,UPCOM,2026-09-18,1.1,1.915,2.908,30.66377773170873,-0.593328041787569,-0.5455636951920294,4600,37220.0,False,False,False,False,False,0,Không đạt
ATA,UPCOM,2026-09-18,0.3,0.425,0.49,30.182642275016235,-0.0497366881395355,-0.0354447581412292,6100,58875.0,False,False,False,False,False,0,Không đạt
PMW,UPCOM,2026-09-24,33.0,34.864999999999995,35.6,30.10042988632027,-0.6414703408849434,-0.4617458177588514,500,1085.0,False,False,False,False,False,0,Không đạt
VTX,UPCOM,2026-09-10,3.7,6.154999999999999,7.507999999999999,30.07414788517022,-1.0494322234778446,-0.7476771229155834,200,245.0,False,False,False,False,False,0,Không đạt
DIC,UPCOM,2026-09-18,0.7,0.8300000000000001,0.958,29.49669026704659,-0.0807786054233525,-0.0697069674763629,64800,94160.0,False,False,False,False,False,0,Không đạt
ITD,HOSE,2026-09-24,10.8,11.52,11.922298,29.435259898088205,-0.2849115880290629,-0.2345625035926964,800,7485.0,False,False,False,False,False,0,Không đạt
BHC,UPCOM,2026-09-18,0.8,1.245,1.606,29.32179753436978,-0.2002163392967839,-0.1710719717379069,2100,4360.0,False,False,False,False,False,0,Không đạt
SD6,UPCOM,2026-09-18,1.7,1.945,2.146,29.291056277487613,-0.1063335110638499,-0.087144710618873,7400,8115.0,False,False,False,False,False,0,Không đạt
LCG,HOSE,2026-09-24,6.63,6.9405,7.135400000000001,29.1784326965669,-0.1495563426111061,-0.1416002502123725,644400,811960.0,False,False,False,False,False,0,Không đạt
DAH,HOSE,2026-09-24,2.1,2.2310000000000003,2.4132,28.752628005787585,-0.0918232657212194,-0.0916047849948628,12200,77810.0,False,False,False,False,False,0,Không đạt
MAS,HNX,2026-09-24,28.1,33.435,34.902,28.555232655353336,-1.1242060745849471,-0.6730135692669776,100,470.0,False,False,False,False,False,0,Không đạt
DHT,HNX,2026-09-24,53.7,55.16,57.202,28.445003992384517,-1.108278439925833,-1.0870857298614716,1000,5375.0,False,False,False,False,False,0,Không đạt
PLP,HOSE,2026-09-24,3.6,4.109500000000001,4.1804,28.24100569587624,-0.1604945466654523,-0.0925671401046038,50300,196990.0,False,False,False,False,False,0,Không đạt
C4G,UPCOM,2026-09-24,5.0,5.35,5.598,28.00863109180908,-0.1867113488412286,-0.1592573086218438,67100,142950.0,False,False,False,False,False,0,Không đạt
DDV,UPCOM,2026-09-24,16.4,17.47,18.368,27.418240775642914,-0.5770589569028601,-0.5374802598250238,258100,345135.0,False,False,False,False,False,0,Không đạt
ASM,HOSE,2026-09-24,5.11,5.396,5.7062,27.409870851742483,-0.1753193110089901,-0.1715427727405321,130700,185405.0,False,False,False,False,False,0,Không đạt
HQC,HOSE,2026-09-24,1.91,2.0205,2.138,27.20119071039092,-0.0807669447600376,-0.0776909854356378,1173100,2438650.0,False,False,False,False,False,0,Không đạt
AVG,UPCOM,2026-09-24,7.3,7.859999999999999,8.114,26.98188892342256,-0.2532789359915082,-0.2111078238029782,1700,9335.0,False,False,False,False,False,0,Không đạt
LM3,UPCOM,2026-09-18,0.7,1.5399999999999998,2.252,26.8576372675454,-0.4490571841430857,-0.392432333112132,100,5320.0,False,False,False,False,False,0,Không đạt
KBC,HOSE,2026-09-24,26.0,26.6775,27.303,26.561471556213647,-0.4525354195923796,-0.4233102776327782,728600,1233340.0,False,False,False,False,False,0,Không đạt
TCM,HOSE,2026-09-24,15.8,16.6625,16.928,26.43485825333016,-0.3348512307645279,-0.278086743060275,885000,975165.0,False,False,False,False,False,0,Không đạt
EID,HNX,2026-09-24,17.6,18.735,19.354,26.31490042672721,-0.3885925231474409,-0.2827266579017209,3900,4155.0,False,False,False,False,False,0,Không đạt
BTS,HNX,2026-09-24,4.5,4.725,4.862,26.27032036673445,-0.1128081630489878,-0.0928525850104199,3100,13735.0,False,False,False,False,False,0,Không đạt
SAV,HOSE,2026-09-24,11.4,12.66,12.818,25.936354052984285,-0.2687367213182092,-0.1544461547637684,400,2165.0,False,False,False,False,False,0,Không đạt
VMS,HNX,2026-08-28,36.0,48.62376,51.930992,25.367720047617112,-4.129468142411824,-2.6108606028627848,400,15605.0,False,False,False,False,False,0,Không đạt
SCR,HOSE,2026-09-24,4.05,4.3325000000000005,4.529599999999999,24.49361774322503,-0.138906363331575,-0.1243536794907693,524500,809480.0,False,False,False,False,False,0,Không đạt
SCI,HNX,2026-09-24,8.6,9.69,10.318,24.454848507541755,-0.5150025523035779,-0.3879977340785867,10600,28360.0,False,False,False,False,False,0,Không đạt
TMB,HNX,2026-09-24,42.7,46.69,48.56,22.47575126640686,-1.2634944888323574,-0.8667363453088452,6200,10175.0,False,False,False,False,False,0,Không đạt
DTD,HNX,2026-09-24,10.3,10.81,11.694,20.753410537841788,-0.4242576816545469,-0.4213113875415037,71600,116150.0,False,False,False,False,False,0,Không đạt
AAT,HOSE,2026-09-24,1.98,2.1565000000000003,2.3204,18.44228831776134,-0.0927344502905782,-0.0855549381182893,9600,23520.0,False,False,False,False,False,0,Không đạt
TSA,HOSE,2026-09-24,14.25,15.335,15.366999999999996,16.66193252553417,-0.200036614227999,-0.0568712962956828,3800,39595.0,False,False,False,False,False,0,Không đạt
TLD,HOSE,2026-09-24,8.1,8.2235,8.3134,14.5266949090109,-0.0534238165929732,-0.0479156046663232,20900,206700.0,False,False,False,False,False,0,Không đạt
TNH,HOSE,2026-09-24,6.67,7.647999999999999,7.9988,12.54462656135621,-0.4306932571837683,-0.3018349473016439,50800,132560.0,False,False,False,False,False,0,Không đạt
NO1,HOSE,2026-09-24,3.79,4.2700000000000005,4.6314,11.86687474924588,-0.2277463154136159,-0.2075763271736507,3900,16850.0,False,False,False,False,False,0,Không đạt
FIR,HOSE,2026-09-24,2.8,3.335,4.077,11.547619182562386,-0.4036604909661334,-0.393119799666754,48200,189150.0,False,False,False,False,False,0,Không đạt
KOS,HOSE,2026-09-24,22.55,31.7375,33.879,3.742337978789223,-2.4956314433219475,-1.4143722303459094,9000,247580.0,False,False,False,False,False,0,Không đạt
GLC,UPCOM,2026-09-18,3.6,,,,-1.1867096264361496,-0.4500048310447565,100,,False,False,False,False,False,0,Không đạt
GTX,UPCOM,2026-09-21,19.0,,,,-0.4331783021241726,-0.1185444923336665,100,,False,False,False,False,False,0,Không đạt
KAI,UPCOM,2026-09-24,11.7,,,,-0.3000325033053865,-0.2333582181177182,185700,,False,False,False,False,False,0,Không đạt
TCD,UPCOM,2026-09-18,1.0,,,,-0.0616931218500473,-0.0297315573059703,800700,,False,False,False,False,False,0,Không đạt
